id,en
België_title,Belgium
brussels_title,Brussels-Capital Region
flanders_title,Flanders
wallonia_title,Wallonia
Namen_title,Namur
Oost-Vlaanderen_title,East Flanders
Waals-Brabant_title,Walloon Brabant
Limburg_title,NA
Henegouwen_title,Hainaut
Luxemburg_title,Luxembourg
Antwerpen_title,Antwerp
Luik_title,Liège
HoofdstedelijkGewest_title,Capital Region
Vlaams-Brabant_title,Flemish Brabant
West-Vlaanderen_title,West Flanders
Aartselaar_title,NA
Boechout_title,NA
Boom_title,NA
Borsbeek_title,NA
Brasschaat_title,NA
Brecht_title,NA
Edegem_title,NA
Essen_title,NA
Hemiksem_title,NA
Hove_title,NA
Kalmthout_title,NA
Kapellen_title,NA
Kontich_title,NA
Lint_title,NA
Mortsel_title,NA
Niel_title,NA
Ranst_title,NA
Rumst_title,NA
Schelle_title,NA
Schilde_title,NA
Schoten_title,NA
Stabroek_title,NA
Wijnegem_title,NA
Wommelgem_title,NA
Wuustwezel_title,NA
Zandhoven_title,NA
Zoersel_title,NA
Zwijndrecht_title,NA
Malle_title,NA
Berlaar_title,NA
Bonheiden_title,NA
Bornem_title,NA
Duffel_title,NA
Heist-Op-Den-Berg_title,NA
Lier_title,NA
Mechelen_title,NA
Nijlen_title,NA
Putte_title,NA
Puurs_title,NA
Sint-Amands_title,NA
Sint-Katelijne-Waver_title,NA
Willebroek_title,NA
Arendonk_title,NA
Baarle-Hertog_title,NA
Balen_title,NA
Beerse_title,NA
Dessel_title,NA
Geel_title,NA
Grobbendonk_title,NA
Herentals_title,NA
Herenthout_title,NA
Herselt_title,NA
Hoogstraten_title,NA
Hulshout_title,NA
Kasterlee_title,NA
Lille_title,NA
Meerhout_title,NA
Merksplas_title,NA
Mol_title,NA
Olen_title,NA
Oud-Turnhout_title,NA
Ravels_title,NA
Retie_title,NA
Rijkevorsel_title,NA
Turnhout_title,NA
Vorselaar_title,NA
Vosselaar_title,NA
Westerlo_title,NA
Laakdal_title,NA
Anderlecht_title,NA
Oudergem_title,NA
Sint-Agatha-Berchem_title,NA
Brussel_title,Brussels
Etterbeek_title,NA
Evere_title,NA
Vorst_title,NA
Ganshoren_title,NA
Elsene_title,NA
Jette_title,NA
Koekelberg_title,NA
Sint-Jans-Molenbeek_title,NA
Sint-Gillis_title,NA
Sint-Joost-Ten-Node_title,NA
Schaarbeek_title,NA
Ukkel_title,NA
Watermaal-Bosvoorde_title,NA
Sint-Lambrechts-Woluwe_title,NA
Sint-Pieters-Woluwe_title,NA
Asse_title,NA
Beersel_title,NA
Bever_title,NA
Dilbeek_title,NA
Galmaarden_title,NA
Gooik_title,NA
Grimbergen_title,NA
Hal_title,NA
Herne_title,NA
Hoeilaart_title,NA
Kampenhout_title,NA
Kapelle-Op-Den-Bos_title,NA
Liedekerke_title,NA
Londerzeel_title,NA
Machelen_title,NA
Meise_title,NA
Merchtem_title,NA
Opwijk_title,NA
Overijse_title,NA
Pepingen_title,NA
Sint-Pieters-Leeuw_title,NA
Steenokkerzeel_title,NA
Ternat_title,NA
Vilvoorde_title,NA
Zaventem_title,NA
Zemst_title,NA
Roosdaal_title,NA
Drogenbos_title,NA
Kraainem_title,NA
Linkebeek_title,NA
Sint-Genesius-Rode_title,NA
Wemmel_title,NA
Wezembeek-Oppem_title,NA
Lennik_title,NA
Affligem_title,NA
Aarschot_title,NA
Begijnendijk_title,NA
Bekkevoort_title,NA
Bertem_title,NA
Bierbeek_title,NA
Boortmeerbeek_title,NA
Boutersem_title,NA
Diest_title,NA
Geetbets_title,NA
Haacht_title,NA
Herent_title,NA
Hoegaarden_title,NA
Holsbeek_title,NA
Huldenberg_title,NA
Keerbergen_title,NA
Kortenaken_title,NA
Kortenberg_title,NA
Landen_title,NA
Leuven_title,NA
Lubbeek_title,NA
Oud-Heverlee_title,NA
Rotselaar_title,NA
Tervuren_title,NA
Tienen_title,NA
Tremelo_title,NA
Zoutleeuw_title,NA
Linter_title,NA
Scherpenheuvel-Zichem_title,NA
Tielt-Winge_title,NA
Glabbeek_title,NA
Bevekom_title,NA
Eigenbrakel_title,NA
Kasteelbrakel_title,NA
Chaumont-Gistoux_title,NA
Court-Saint-Etienne_title,NA
Genepien_title,NA
Graven_title,NA
Incourt_title,NA
Itter_title,NA
Geldenaken_title,NA
Terhulpen_title,NA
Mont-Saint-Guibert_title,NA
Nijvel_title,NA
Perwijs_title,NA
Rixensart_title,NA
Tubeke_title,NA
Villers-La-Ville_title,NA
Waterloo_title,NA
Waver_title,NA
Chastre_title,NA
Helecine_title,NA
Lasne_title,NA
Orp-Jauche_title,NA
Ottignies-Louvain-La-Neu_title,NA
Ramillies_title,NA
Rebecq_title,NA
Walhain_title,NA
Beernem_title,NA
Blankenberge_title,NA
Brugge_title,Bruges
Damme_title,NA
Jabbeke_title,NA
Oostkamp_title,NA
Torhout_title,NA
Zedelgem_title,NA
Zuienkerke_title,NA
Knokke-Heist_title,NA
Diksmuide_title,NA
Houthulst_title,NA
Koekelare_title,NA
Kortemark_title,NA
Lo-Reninge_title,NA
Ieper_title,Ypres
Mesen_title,NA
Poperinge_title,NA
Wervik_title,NA
Zonnebeke_title,NA
Heuvelland_title,NA
Langemark-Poelkapelle_title,NA
Vleteren_title,NA
Anzegem_title,NA
Avelgem_title,NA
Deerlijk_title,NA
Harelbeke_title,NA
Kortrijk_title,NA
Kuurne_title,NA
Lendelede_title,NA
Menen_title,NA
Waregem_title,NA
Wevelgem_title,NA
Zwevegem_title,NA
Spiere-Helkijn_title,NA
Bredene_title,NA
Gistel_title,NA
Ichtegem_title,NA
Middelkerke_title,NA
Oostende_title,Ostend
Oudenburg_title,NA
De Haan_title,NA
Hooglede_title,NA
Ingelmunster_title,NA
Izegem_title,NA
Ledegem_title,NA
Lichtervelde_title,NA
Moorslede_title,NA
Roeselare_title,NA
Staden_title,NA
Dentergem_title,NA
Meulebeke_title,NA
Oostrozebeke_title,NA
Pittem_title,NA
Ruiselede_title,NA
Tielt_title,NA
Wielsbeke_title,NA
Wingene_title,NA
Ardooie_title,NA
Alveringem_title,NA
De Panne_title,NA
Koksijde_title,NA
Nieuwpoort_title,NA
Veurne_title,NA
Aalst_title,NA
Denderleeuw_title,NA
Geraardsbergen_title,NA
Haaltert_title,NA
Herzele_title,NA
Lede_title,NA
Ninove_title,NA
Sint-Lievens-Houtem_title,NA
Zottegem_title,NA
Erpe-Mere_title,NA
Berlare_title,NA
Buggenhout_title,NA
Dendermonde_title,NA
Hamme_title,NA
Laarne_title,NA
Lebbeke_title,NA
Waasmunster_title,NA
Wetteren_title,NA
Wichelen_title,NA
Zele_title,NA
Assenede_title,NA
Eeklo_title,NA
Kaprijke_title,NA
Maldegem_title,NA
Sint-Laureins_title,NA
Zelzate_title,NA
Aalter_title,NA
Deinze_title,NA
De Pinte_title,NA
Destelbergen_title,NA
Evergem_title,NA
Gavere_title,NA
Gent_title,Ghent
Knesselare_title,NA
Lochristi_title,NA
Lovendegem_title,NA
Melle_title,NA
Merelbeke_title,NA
Moerbeke_title,NA
Nazareth_title,NA
Nevele_title,NA
Oosterzele_title,NA
Sint-Martens-Latem_title,NA
Waarschoot_title,NA
Wachtebeke_title,NA
Zomergem_title,NA
Zulte_title,NA
Kruishoutem_title,NA
Oudenaarde_title,NA
Ronse_title,NA
Zingem_title,NA
Brakel_title,NA
Kluisbergen_title,NA
Wortegem-Petegem_title,NA
Horebeke_title,NA
Lierde_title,NA
Maarkedal_title,NA
Zwalm_title,NA
Beveren_title,NA
Kruibeke_title,NA
Lokeren_title,NA
Sint-Gillis-Waas_title,NA
Sint-Niklaas_title,NA
Stekene_title,NA
Temse_title,NA
Aat_title,NA
Beloeil_title,NA
Bernissart_title,NA
Brugelette_title,NA
Chievres_title,NA
Elzele_title,NA
Vloesberg_title,NA
Frasnes-Lez-Anvaing_title,NA
Chapelle-Lez-Herlaimont_title,NA
Charleroi_title,NA
Chatelet_title,NA
Courcelles_title,NA
Farciennes_title,NA
Fleurus_title,NA
Fontaine-L'eveque_title,NA
Gerpinnes_title,NA
Manage_title,NA
Montigny-Le-Tilleul_title,NA
Pont-A-Celles_title,NA
Seneffe_title,NA
Aiseau-Presles_title,NA
Les Bons Villers_title,NA
Boussu_title,NA
Dour_title,NA
Frameries_title,NA
Hensies_title,NA
Jurbeke_title,NA
Lens_title,NA
Bergen_title,Mons
Quaregnon_title,NA
Quievrain_title,NA
Saint-Ghislain_title,NA
Colfontaine_title,NA
Honnelles_title,NA
Quevy_title,NA
Moeskroen_title,NA
Komen-Waasten_title,NA
'S Gravenbrakel_title,NA
Edingen_title,NA
La Louviere_title,NA
Lessen_title,NA
Le Roeulx_title,NA
Opzullik_title,NA
Zinnik_title,NA
Ecaussinnes_title,NA
Anderlues_title,NA
Beaumont_title,NA
Binche_title,NA
Chimay_title,NA
Erquelinnes_title,NA
Froidchapelle_title,NA
Lobbes_title,NA
Merbes-Le-Chateau_title,NA
Momignies_title,NA
Thuin_title,NA
Estinnes_title,NA
Ham-Sur-Heure-Nalinnes_title,NA
Morlanwelz_title,NA
Sivry-Rance_title,NA
Antoing_title,NA
Celles_title,NA
Estaimpuis_title,NA
Pecq_title,NA
Peruwelz_title,NA
Rumes_title,NA
Doornik_title,NA
Brunehaut_title,NA
Leuze-En-Hainaut_title,NA
Mont-De-L'enclus_title,NA
Amay_title,NA
Burdinne_title,NA
Clavier_title,NA
Ferrieres_title,NA
Hamoir_title,NA
Heron_title,NA
Hoei_title,NA
Marchin_title,NA
Modave_title,NA
Nandrin_title,NA
Ouffet_title,NA
Verlaine_title,NA
Villers-Le-Bouillet_title,NA
Wanze_title,NA
Anthisnes_title,NA
Engis_title,NA
Tinlot_title,NA
Ans_title,NA
Awans_title,NA
Aywaille_title,NA
Bitsingen_title,NA
Beyne-Heusay_title,NA
Chaudfontaine_title,NA
Comblain-Au-Pont_title,NA
Dalhem_title,NA
Esneux_title,NA
Fleron_title,NA
Herstal_title,NA
Juprelle_title,NA
Oupeye_title,NA
Saint-Nicolas_title,NA
Seraing_title,NA
Soumagne_title,NA
Sprimont_title,NA
Wezet_title,NA
Grace-Hollogne_title,NA
Blegny_title,NA
Flemalle_title,NA
Neupre_title,NA
Trooz_title,NA
Amel_title,NA
Aubel_title,NA
Baelen_title,NA
Buellingen_title,NA
Bütgenbach_title,NA
Dison_title,NA
Eupen_title,NA
Herve_title,NA
Jalhay_title,NA
Kelmis_title,NA
Lierneux_title,NA
Lontzen_title,NA
Malmedy_title,NA
Olne_title,NA
Pepinster_title,NA
Raeren_title,NA
Sankt Vith_title,NA
Spa_title,NA
Stavelot_title,NA
Stoumont_title,NA
Theux_title,NA
Verviers_title,NA
Weismes_title,NA
Welkenraedt_title,NA
Trois-Ponts_title,NA
Burg-Reuland_title,NA
Plombieres_title,NA
Thimister-Clermont_title,NA
Berloz_title,NA
Braives_title,NA
Crisnee_title,NA
Donceel_title,NA
Fexhe-Le-Haut-Clocher_title,NA
Geer_title,NA
Hannuit_title,NA
Lijsem_title,NA
Oerle_title,NA
Remicourt_title,NA
Saint-Georges-Sur-Meuse_title,NA
Borgworm_title,NA
Wasseiges_title,NA
Faimes_title,NA
As_title,NA
Beringen_title,NA
Diepenbeek_title,NA
Genk_title,NA
Gingelom_title,NA
Halen_title,NA
Hasselt_title,NA
Herk-De-Stad_title,NA
Leopoldsburg_title,NA
Lummen_title,NA
Nieuwerkerken_title,NA
Opglabbeek_title,NA
Sint-Truiden_title,NA
Tessenderlo_title,NA
Zonhoven_title,NA
Zutendaal_title,NA
Ham_title,NA
Heusden-Zolder_title,NA
Bocholt_title,NA
Bree_title,NA
Kinrooi_title,NA
Lommel_title,NA
Maaseik_title,NA
Neerpelt_title,NA
Overpelt_title,NA
Peer_title,NA
Hamont-Achel_title,NA
Hechtel-Eksel_title,NA
Houthalen-Helchteren_title,NA
Meeuwen-Gruitrode_title,NA
Dilsen-Stokkem_title,NA
Alken_title,NA
Bilzen_title,NA
Borgloon_title,NA
Heers_title,NA
Herstappe_title,NA
Hoeselt_title,NA
Kortessem_title,NA
Lanaken_title,NA
Riemst_title,NA
Tongeren_title,NA
Wellen_title,NA
Maasmechelen_title,NA
Voeren_title,NA
Aarlen_title,NA
Attert_title,NA
Aubange_title,NA
Martelange_title,NA
Messancy_title,NA
Bastenaken_title,NA
Bertogne_title,NA
Fauvillers_title,NA
Houffalize_title,NA
Vielsalm_title,NA
Vaux-Sur-Sure_title,NA
Gouvy_title,NA
Sainte-Ode_title,NA
Durbuy_title,NA
Erezee_title,NA
Hotton_title,NA
La Roche-En-Ardenne_title,NA
Marche-En-Famenne_title,NA
Nassogne_title,NA
Rendeux_title,NA
Tenneville_title,NA
Manhay_title,NA
Bertrix_title,NA
Bouillon_title,NA
Daverdisse_title,NA
Herbeumont_title,NA
Leglise_title,NA
Libin_title,NA
Neufchateau_title,NA
Paliseul_title,NA
Saint-Hubert_title,NA
Tellin_title,NA
Wellin_title,NA
Libramont-Chevigny_title,NA
Chiny_title,NA
Etalle_title,NA
Florenville_title,NA
Meix-Devant-Virton_title,NA
Musson_title,NA
Saint-Leger_title,NA
Tintigny_title,NA
Virton_title,NA
Habay_title,NA
Rouvroy_title,NA
Anhee_title,NA
Beauraing_title,NA
Bievre_title,NA
Ciney_title,NA
Dinant_title,NA
Gedinne_title,NA
Hamois_title,NA
Havelange_title,NA
Houyet_title,NA
Onhaye_title,NA
Rochefort_title,NA
Somme-Leuze_title,NA
Yvoir_title,NA
Hastiere_title,NA
Vresse-Sur-Semois_title,NA
Andenne_title,NA
Assesse_title,NA
Eghezee_title,NA
Floreffe_title,NA
Fosses-La-Ville_title,NA
Gesves_title,NA
Mettet_title,NA
Ohey_title,NA
Profondeville_title,NA
Sombreffe_title,NA
Sambreville_title,NA
Fernelmont_title,NA
Jemeppe-Sur-Sambre_title,NA
La Bruyere_title,NA
Gembloux_title,NA
Cerfontaine_title,NA
Couvin_title,NA
Doische_title,NA
Florenne_title,NA
Philippeville_title,NA
Walcourt_title,NA
Viroinval_title,NA
Africa_title,Africa
Americas_title,America
Asia_title,Asia
Europe_title,Europe
Oceania_title,Oceania
Australia and New Zealand_title,Australia and New Zealand
Caribbean_title,Caribbean
Central America_title,Central America
Central Asia_title,Central Asia
Eastern Africa_title,East Africa
Eastern Asia_title,East Asia
Eastern Europe_title,Eastern Europe
Melanesia_title,Melanesia
Micronesia_title,Micronesia
Middle Africa_title,Central Africa
Northern Africa_title,North-Africa
Northern America_title,North America
South America_title,South America
Southeastern Asia_title,South East Asia
Southern Africa_title,South Africa
Southern Asia_title,South Asia
Southern Europe_title,South Europe
Western Africa_title,West Africa
Western Asia_title,Western Asia
Western Europe_title,Western Europe
unknown_title,Unknown
first_observed_title,year of first observation
last_observed_title,year of last observation
kingdom_title,kingdom
phylum_title,phylum
class_title,class
order_title,order
family_title,family
locality_title,locality
locationId_title,location ID
native_range_title,native range
degree_of_establishment_title,degree of establishment
pathway_title,pathways
pathway_level1_title,Introduction pathway category
pathway_level2_title,Introduction pathway subcategory
habitat_title,habitat
marine_title,marine
freshwater_title,freshwater
terrestrial_title,terrestrial
source_title,Source
species_title,Species
native_continent_title,native continent
more_title,More
less_title,Less
gbifLink_title,GBIF taxonomic ID (taxonkey)
sourceLink_title,Source
examples_title,examples
start_title,Start
checklist_indicators_title,Checklist indicators
species_information_title,Species information
early_warning_title,Early alert
management_title,Management
taxa_title,Taxa
trend_title,Trend
pathways_title,Pathways
origin_title,Origin
observations_title,Observations
indicators_title,Indicators
reporting_title,Reporting
habitats_title,Habitats
risk_maps_title,Risk maps
links_title,Links
risk_assessment_title,Risk assessment
images_title,Images
gender_title,Gender
samplingProtocol_title,Sampling protocol
noData_title,No data available
shareLink_title,Share link
allTaxa_title,All taxa
allHabitats_title,All habitats
allPathways_title,All pathways
allDoe_title,All degree of establishment
allNative_title,All native regions
allYears_title,All years
allRegions_title,All regions
allSources_title,All sources
allUnion_title,Union and non-union list species
andMissing_title,and missing
includeMissing_title,include missing
totalSpecies_title,Total number of species
tableLegend_title,Table Legend
tableTitle_title,Table Overview
icons_title,Icons
colors_title,Icon colour
colors_text_title,The color of these icons signifies the type of data available on the alien species portal for the respective species:
min_1_obs_title,The species has been observed in Belgium since 1950 (data from GBIF)
is_union_title,"The species is included in <a href= ""https://eur-lex.europa.eu/legal-content/EN/TXT/PDF/?uri=CELEX:02016R1141-20220802&from=EN"" target=""_blank""> the list of species of Union concern </a>."
only_obs_title,"The portal contains data on observations, indicators, and (for Union list species) reporting."
incomplete_out_title,Incomplete outputs
all_out_title,"The portal contains data on observations, indicators, management, and (for Union list species) reporting."
year_title,Year
numberTaxa_title,Number of introduced taxa
period_title,Time Period
singlePathway_title,Please select single pathway level 1 for this plot
number_title,Number
legend_title,Legend
topright_title,Top right
bottomright_title,Bottom right
topleft_title,Top left
bottomleft_title,Bottom left
none_title,<none>
hideGlobe_title,Hide globe
showGlobe_title,Show globe
downloadMap_title,Download map
correctBias_title,Corrected for observer bias
protectAreas_title,Protected areas
percentCages_title,Percentage of occupied cells (10km2) in Flanders
baseline_title,Baseline
all_title,All
male_title,male
female_title,female
juvenile_title,juvenile
pulli_title,pulli
missing_title,missing
culling - shooting_title,culling - shooting
Capture_title,capture
region_title,Region
regions_title,Regions
regionLevel_title,Region level
unit_title,unit
communes_title,municipalities
provinces_title,provinces
cpue_title,catch per unit effort
absolute_title,absolute
group_title,group
summary_title,summary
sum_title,number
cumsum_title,cumulative number
count_title,count
lifeStage_title,life stage
combineRegions_title,Combine all selected regions in the trend graph
NA_title,NA
release_title,RELEASE in nature
escape_title,ESCAPE from confinement
contaminant_title,TRANSPORT - contaminant
stowaway_title,TRANSPORT - stowaway
corridor_title,CORRIDOR
unaided_title,UNAIDED
release_biological_control_title,Biological control
release_erosion_control_title,"Erosion control / dune stabilization (windbreaks, hedges, ...)"
release_fishery_title,Fishery in the wild (including game fishing)
release_hunting_title,Hunting
release_landscape_improvement_title,Landscape / flora / fauna improvement in the wild
release_conservation_title,Introduction for conservation purposes or wildlife management
release_use_title,"Release in nature for use (other than above, e.g., fur, transport, medical use)"
release_other_title,Other intentional release
escape_agriculture_title,Agriculture (including Biofuel feedstocks)
escape_aquaculture_title,Aquaculture / mariculture
escape_zoo_title,Botanical garden/zoo/aquaria (excluding domestic aquaria)
escape_pet_title,Pet/aquarium/terrarium species (including live food for such species )
escape_farm_title,Farmed animals (including animals left under limited control)
escape_forestry_title,Forestry (including afforestation or reforestation)
escape_fur_farm_title,Fur farms
escape_horticulture_title,Horticulture
escape_ornamental_title,Ornamental purpose other than horticulture
escape_research_title,Research and ex-situ breeding (in facilities)
escape_food_bait_title,Live food and live bait
escape_other_title,Other escape from confinement
contaminant_nursery_title,Contaminant nursery material
contaminant_bait_title,Contaminated bait
contaminant_food_title,Food contaminant (including of live food)
contaminant_on_animals_title,"Contaminant on animals (except parasites, species transported by host/vector)"
contaminant_animal_parasite_title,Parasites on animals (including species transported by host and vector)
contaminant_on_plants_title,"Contaminant on plants (except parasites, species transported by host/vector)"
contaminant_plant_parasite_title,Parasites on plants (including species transported by host and vector)
contaminant_seed_title,Seed contaminant
contaminant_timber_title,Timber trade
contaminant_habitat_material_title,"Transportation of habitat material (soil, vegetation, ...)"
stowaway_fishing_equipment_title,Angling / fishing equipment
stowaway_container_title,Container / bulk
stowaway_airplane_title,Hitchhikers in or on airplane
stowaway_ship_title,Hitchhikers on ship/boat (excluding ballast water and hull fouling)
stowaway_machinery_title,Machinery / equipment
stowaway_people_luggage_title,People and their luggage/equipment (in particular tourism)
stowaway_organic_packing_title,"Organic packing material, in particular wood packaging"
stowaway_ballast_water_title,Ship / boat ballast water
stowaway_hull_fouling_title,Ship / boat hull fouling
stowaway_vehicles_title,"Vehicles (car, train, ...)"
stowaway_other_title,Other means of transport
corridor_water_title,Interconnected waterways / basins / seas
corridor_land_title,Tunnels and land bridges
natural_dispersal_title,Natural dispersal across borders of invasive alien species that have been introduced through pathways 1 to 5
release_unknown_title,RELEASE IN NATURE (not specified)
escape_unknown_title,ESCAPE from confinement (not specified)
contaminant_unknown_title,TRANSPORT - CONTAMINANT (not specified)
stowaway_unknown_title,TRANSPORT - STOWAWAY (not specified)
corridor_unknown_title,CORRIDOR (not specified)
unaided_unknown_title,UNAIDED (not specified)
unaided_natural_dispersal_title,UNAIDED (natural dispersal)
unknown_unknown_title,Unknown (not specified)
captive_title,captive
casual_title,casual
colonizing_title,colonizing
cultivated_title,cultivated
established_title,established
extinct_title,extinct
introduced_title,introduced
invasive_title,invasive
released_title,released
reproducing_title,reproducing
widespreadInvasive_title,widespread and invasive
Union list_title,Union list
Non-union list_title,non-Union list
gewest_title,region
multipleRegions_title,multiple regions
not selected_title,not selected
selected_title,selected
Ad hoc alien species checklist_title,Ad hoc alien species checklist
Alien Bird Checklist_title,Alien Bird Checklist
Alien Fish Flanders_title,Alien Fish Flanders
Alien Macroinverts_title,Alien Macroinverts
Alien Mollusc checklist_title,Alien Mollusc checklist
Belgian rust fungi_title,Belgian rust fungi
Manual of Alien Plants_title,Manual of Alien Plants
RINSE1_title,RINSE1
RINSE2_title,RINSE2
WRiMS_title,WRiMS
unionColor_title,Union colour
occurColor_title,Observation colour
occurrence_title,Observation
graph_title,Figure
managed nest_title,Managed nest
untreated nest_title,Untreated nest
individual_title,Individual
nest_title,Nest
lenteNesten_title,Number of reported nests up to May 19
total_title,Total
map_title,Map
difference_title,Difference
disclaimerVespa_title,The species is currently not active. When you observe an individual this might be a wintering queen which does not indicate nesting activity.
AE_title,Active embryonic nest
AP_title,Active primary nest
AS_title,Active secondary nest
IE_title,Inactive/empty nest
UK_title,Unknown
Behandeling_title,Treatment
succesvol_title,successful
niet succesvol_title,not successful
behandeld_title,treated
niet behandeld_title,not treated
onbekend_title,unknown
row_title,row
modelScenario_title,Model scenario
hist_title,model based on historical climate data
rcp26_title,model based on climate forecasts under RCP 2.6 for 2040-2070
rcp45_title,model based on climate forecasts under RCP 4.5 for 2040-2070
rcp85_title,model based on climate forecasts under RCP 8.5 for 2040-2070
modelType_title,Model type
riskMap_title,Risk map
diffMap_title,Map of difference in risk between the RCP climate scenario and the historical climate data
confMap_title,Map of confidence of predicted risk
riskLow_title,low risk
riskHigh_title,high risk
diffLow_title,low risk difference
diffHigh_title,high risk difference
confLow_title,low confidence
confHigh_title,high confidence
failing_title,failing
gam_0_title,not emerging
gam_1_title,unclear
gam_2_title,potentially emerging
gam_3_title,emerging
contents_title,Table of contents
createReport_title,Create report
parameters_title,Parameters
noParameters_title,No parameters selected
version_title,Version
yes_title,yes
no_title,no
radius_title,radius
Natuurpunt_title,Natuurpunt
Vespawatch_title,Vespawatch
bottom_title,bottom
top_title,top
right_title,right
left_title,left
summarizeBy_title,summarize by
t0_title,t0
t1_title,t1
contactMissing_title,Report missing data
contactApp_title,Report an issue with the application
nBins_title,Number of groups
break_title,Break
binType_title,Type of groups
quantiles_title,Quantiles
uniform_title,Uniform
userDefined_title,User-defined
name_title,Name
binConfirm_title,Confirm groups
isBeheerd_title,
nest_type_title,
key_title,Key
undefined_title,Undefined
cumulative_title,cumulative number
vernacular_name_title,search by common names
vernacular_name_col_title,common names
other_db_title,Other dashboards
mica_db_title,MICA dashboard
radius_db_title,RadIUS dashboard
faq_title,FAQ
apply_gamObservations_title,Emergence status (GAM) - Modelled number of observations
apply_gamOccupancy_title,Emergence status (GAM) - Modelled occupied area
barplotLenteNesten_title,Spring nests
countNesten_title,Number of nests per province (figure)
indicator_introduction_year_title,Number of newly introduced species per year
indicator_total_year_title,Cumulative number of introduced species
indicator_native_range_year_title,Number of introduced species per year and per native continent
countOccupancy_title,Trend in occupancy of Union list species in Flanders
get_table_pathways_title,Number of introduced species per introduction pathway
management2_active-mapHeat_title,Active hotbeds
management2_observed-mapHeat_title,All observations current year
management2-countYearGroup_title,Management of nests
management3-countYearGroup_title,The number of {{species}} individuals managed
observations-mapOccurrence_title,Observations of {{species}}
reporting_t1-mapOccurrence_title,Reporting of {{species}}
reporting_t01-mapOccurrence_title,Reporting of {{species}}
management-mapOccurrence_title,Management of {{species}}
management-mapInvasion_title,Invasion history of {{species}}
risk-mapRaster_title, zodat we bij onze risicobeoordeling rekening kunnen houden met klimaatverandering. </br>Het is onwaarschijnlijk dat deze kaarten nauwkeurige voorspellingen zijn van de huidige of toekomstige verspreiding van soorten
tableIndicators_title,NA
tableNesten_title,Number of nests per province (table)
visualize_pathways_level1_title,Number of introduced taxa per introduction pathway category
visualize_pathways_year_level1_title,TrIAS Risk Maps
visualize_pathways_level2_title,Number of introduced taxa per introduction pathway subcategory
visualize_pathways_year_level2_title,Trend in the number of introduced taxa per introduction pathway subcategory
welcomeTitle_title,Welcome to the alien species dashboard
occupancy_title,Occupancy
checklist-welcome_title,Checklist indicators
species-welcome_title,Species information
apply_gamObservations_description,"<p>Generalized Additive Model (GAM) based on the number of observations of a species.</p>

<p>This model is based on the <a href=""https://doi.org/10.5281/zenodo.3632749"" target=""_blank"">Occurrence cubes for non-native taxa in Belgium and Europe.</a></p>

<p>The black dots represent the number of observations of the species per year. The trend line shows the GAM based on these observations. The color of each dot reflects the species' emergence status for a given year: <b style=""color: green;"">green</b> indicates the species is not emerging, <b style=""color: orange;"">orange</b> indicates possible emergence, <b style=""color: red;"">red</b> signifies that the species is emerging, and <b style=""color: grey;"">grey</b> means the model is inconclusive.<p>

<p>This model can be corrected based on observer bias<sup>1</sup> and can be specifically applied to protected Natura2000 areas<sup>2</sup>.</p>

<p><i><sup>1</sup>The number of observations is corrected relative to the number of observations of the species' class (e.g., in the case of Cyperus eragrostis (<a href=""https://www.gbif.org/species/2715482"" target = ""_blank"">2715482</a>), observations of other Liliopsida (<a href=""https://www.gbif.org/species/196"" target = ""_blank"">196</a>) are taken into account)</i></br><i><sup>2</sup>Only observations whose 1x1km grid cell overlaps with a Natura2000 area are taken into account. Each observation is assigned a random grid cell based on the accuracy of the reported location. As a result, the GAM outcome for Natura2000 may give slightly different results after an update.</i>
</p>For more information regarding the method used, please refer to the <a href=""https://trias-project.github.io/indicators/07_occurrence_indicators_modelling.html"" target = ""_blank"">TrIAS indicators documentation</a>."
apply_gamOccupancy_description,"<p>Generalized Additive Model (GAM) based on the area occupied by a species.</p>
<p>This model is based on the <a href=""https://doi.org/10.5281/zenodo.3632749"" target=""_blank"">Occurrence cubes for non-native taxa in Belgium and Europe.</a></p>
<p>The black dots represent the number of occupied grid cells of the species per year. The trend line shows the GAM based on the degree of occupation. The colors indicate the emergence status for a specific year. <b style=""color: green;"">Green</b> dots indicate that the species is not emerging, <b style=""color: orange;"">orange</b> that the species is possibly emerging, <b style=""color: red;"">red</b> that the species is emerging, and <b style=""color: grey;"">grey</b> that the model is inconclusive.</p>
<p>This model can be corrected based on observer bias<sup>1</sup> and occurrence in protected Natura2000 areas<sup>2</sup>.</p>
<p><i><sup>1</sup>The number of observations is corrected relative to the number of observations of the species' class, e.g., in the case of Cyperus eragrostis (<a href=""https://www.gbif.org/species/2715482"" target = ""_blank"">2715482</a>), observations of other Liliopsida (<a href=""https://www.gbif.org/species/196"" target = ""_blank"">196</a>) are taken into account.</i></br>
<i><sup>2</sup>Only observations whose 1x1km grid cell overlaps with a Natura2000 area are taken into account. Each observation is assigned a random grid cell based on the accuracy of the report. As a result, the GAM output for Natura2000 may show slightly different results after an update.</i></p>
<p>For more information regarding the method used, please refer to the <a href=""https://trias-project.github.io/indicators/07_occurrence_indicators_modelling.html"" target = ""_blank"">TrIAS indicators</a></p>"
barplotLenteNesten_description,The number of nests reported on vespawatch.be between January 1 and May 19
countNesten_description,The number of nests reported on vespawatch.be per province.</br><em>Dates available until {{maxDate}}<em>
indicator_introduction_year_description,"This graph displays a timeseries of the number of newly introduced alien species in Belgium. Dots represent the number of introduced alien species in a given year (if data are available) based on the date of first observation of the species indicated on the <a href=""https://www.gbif.org/dataset/6d9e952f-948c-4483-9807-575348147c7e"" target=""_blank""> GRIIS checklist</a>. The overall trend, fitted using a LOESS model, is highlighted in  <b style=""color:#356196ff;"">blue</b>, while the <b style=""color:#94a7baff;"">blue shaded area</b> represents the 95% confidence interval."
indicator_total_year_description,"This graph illustrates the cumulative number of alien species introduced in Belgium, based on their year of first observation as documented in the <a href=""https://www.gbif.org/dataset/6d9e952f-948c-4483-9807-575348147c7e"" target=""_blank""> GRIIS checklist </a>."
indicator_native_range_year_description,"<p>The number of introduced species per year of first observation in Belgium and per native continent (or range)</p>
<p><i>Further subdivision of continents into subregions is possible by selecting the ""native range"" option in the region level dropdown menu.</i></p>"
countOccupancy_description,"<I>NOTE: Plot independent of the selected filters above.</I>
<br>
<br>
This graph displays the trend in occupancy (i.e., the percentage of occupied 10 km<sup>2</sup> cells) in Flanders for all species that are included in <a href= ""https://eur-lex.europa.eu/legal-content/EN/TXT/PDF/?uri=CELEX:02016R1141-20220802&from=EN"" target=""_blank""> the list of species of Union concern</a>. For each species, the occupancy at the time of  its inclusion on the Union list is indicated in <span style=""color: #4f7c9bff;"">blue</span> (baseline), while the occupancy during the most recent three-year reporting period is represented in <span style=""color: #e87837ff;"">orange</span> (reporting)."
get_table_pathways_description,"This table displays the number of introduced species and (maximum) five species examples for each introduction pathway category and its corresponding subcategories, as specified in the
 <a href=""https://www.cbd.int/doc/c/9d85/3bc5/d640f059d03acd717602cd76/sbstta-22-inf-09-en.pdf"" target = ""_blank"">CBD categories</a>."
management2_active-mapHeat_description,"This map illustrates where Asian hornet has been sighted, but where no nest has yet been successfully managed. Vespa watchers may conduct investigations at these locations.
Observations are retained if they are located further than 2km from a successfully managed nest and/or are reported after a successful management action. The more intense red, the more notifications there are in close proximity to each other.
Missing nests can always be reported at <a href=""https://vespawatch.be"" target = ""_blank"">vespawatch.be</a>.
</br><em>Dates available until {{maxDate}}</em>"
management2_observed-mapHeat_description,This map shows all Asian hornet nests and individuals reported in {{maxYear}} through various channels. Not all reports are yet shown on this map. Soon all notifications will be visible. </br><em>Dates available until {{maxDate}}</em>
management2-countYearGroup_description,NA
management3-countYearGroup_description,"<p>This graph shows the evolution in the absolute or cumulative number of individuals managed.</p>
<p><i>The number of individuals can be subdivided by lifestage if available</i></p>"
observations-mapOccurrence_description,"<p>Map showing observations in the selected region.</p>
<ul>
<li><p><b style=""color: #000000;"">Black</b> squares represent 10 km x 10 km areas where the species has been recorded.<br>
<li><b style=""color: #FF0000;"">Red </b> squares highlight more precise 1 km x 1 km locations within these areas where sightings have been reported. <br>
</ul>
The accompanying bar graph presents a time series showing the number of observations per year in each region since 1950.</p>"
reporting_t1-mapOccurrence_description,"A map displaying:
<ul>
<li><b>only t<sub>0</sub>:</b> 10 km x 10 km gridcells containing only observations of the species from 2000 up to the year of its inclusion on the <a href= ""https://environment.ec.europa.eu/topics/nature-and-biodiversity/invasive-alien-species_en"" target = ""_blank"">list of species of Union concern</a>, with no subsequent reports.
<li><b>only t<sub>1</sub>:</b> 10 km  x 10 km gridcells where the species has first appeared during the first 3-yearly reporting cycle.
<li><b>t<sub>0</sub> & t<sub>1</sub>:</b> 10 km x 10 km gridcells where the species is still present.</b>"
reporting_t01-mapOccurrence_description,"A map displaying:
<ul>
<li><b>only t<sub>0</sub>:</b> 10 km x 10 km gridcells containing only observations of the species from 2000 up to the year of its inclusion on the <a href= ""https://environment.ec.europa.eu/topics/nature-and-biodiversity/invasive-alien-species_en"" target = ""_blank"">list of species of Union concern</a>, with no subsequent reports.
<li><b>only t<sub>1</sub>:</b> 10 km  x 10 km gridcells where the species has first appeared during the first 3-yearly reporting cycle.
<li><b>t<sub>0</sub> & t<sub>1</sub>:</b> 10 km x 10 km gridcells where the species is still present.</b>"
management-mapOccurrence_description,"<p>Map and associated graphs of the spatial distribution of realized management 
<li>On the map, you can see the spatial distribution for the chosen year.
<li>On the graph below the map on the left, you can find the trend per region (Flanders, Wallonia and/or Brussels). 
<li>On the graph below the map on the right, the trend in the selected region(s) is shown.</p>

<!DOCTYPE html>
<html lang=""en"">
<head>
  <meta charset=""UTF-8"">
  <meta name=""viewport"" content=""width=device-width, initial-scale=1.0"">
  <title>Table Overview</title>
  <link href=""https://cdnjs.cloudflare.com/ajax/libs/font-awesome/5.15.4/css/all.min.css"" rel=""stylesheet""> <!-- Font Awesome link -->
  <style>
    .indented {
      margin-left: 20px;
    }

    /* Remove default arrow */
    details summary {
      list-style: none;
      font-size: 14px; /* Optional: You can adjust the font size */
      color: #c1c443; /* Match the icon color */
      text-decoration: underline; /* Underline the text */
    }

    /* Green Icon Style */
    .green-icon {
      color:#c1c443 ;
      font-size: 18px; /* Adjust size as needed */
      margin-right: 10px; /* Space between the icon and the text */
    }
  </style>
</head>
<body>

<details>
  <summary>
    <i class=""fas fa-angle-double-down green-icon""></i> More information
  </summary>
<br>
<p>The <b>unit</b> determines how the results are displayed:
<ul>
<li> <b>absolute:</b> The absolute number of managed individuals
<li> <b>difference:</b> The difference in the absolute number of managed individuals of a year compared to the absolute number of managed individuals of the previous year. This value is calculated by subtracting the absolute value of the year from that of the previous year. This value can therefore be negative. A positive value indicates that more individuals were managed in a certain year compared to the previous year, a negative value indicates a decrease in the number of managed individuals, while a zero indicates the same number of managed individuals. The difference for the first year of the time series is always zero.
<li> <b>unit of effort:</b> The absolute number of managed individuals divided by the efforts made. This corrects the management for changes in effort. The unit of effort depends on the method used, but usually corresponds to 1 trap or 1 shot per 24 hours.  
</ul>
</p>
For more information on adjusting classes, see the <a href="""" target=""_blank"">frequently asked questions</a>
</details>

</body>
</html>"
management-mapInvasion_description,"<div> <p> These maps show the distribution of the species for the selected reference year and compare it with the distribution over the two previous three-year periods. </p> <p>As a user,you can choose how to organize the observation data. Here’s how to proceed:</p> <ol> <li>Select the <strong>'Edit classes'</strong> button.</li> <li>Use the <strong>nBins</strong> option to define the number of categories you want to divide the data into.</li> <li> Choose how the data will be distributed. You can choose between: <ul> <li><strong>Custom distribution:</strong> you define the limits yourself.</li> <li><strong>Equal distribution:</strong> all categories have an equal range.</li> <li><strong>Quantile distribution:</strong> each category contains roughly the same number of observations.</li> </ul> </li> <li>Name each category: make the display clearer by assigning an appropriate name to each group.</li> <li>Confirm your settings: click on <strong>'Confirm groups'</strong> to update the map with your new distribution.</li> </ol> </div>"
risk-mapRaster_description,"Invasive alien species have the potential to damage ecosystems,  reduce biodiversity and cause other problems for people and wildlife. In order to mitigate these problems research is needed into what the potential risks are and which species are most likely to be a problem. One of the techniques we use is species distribution modelling. These models aim to estimate the potential distribution of a species given the known environmental conditions where it is currently living. In such models we can also incorporate future scenarios into such models,  so that we can account for climate change in our evaluation of risk. </br>These maps are unlikely to be precise predictions of current or future species distributions, but are nevertheless a guide to scientists conducting risk assessments. They help us by indicating which areas might be most vulnerable to invasion,  and whether climate change is likely to cause greater or lesser establishment of the species."
tableIndicators_description,"<p>This table offers an overview of all species included on the alien species portal (= all species on the <a href= ""https://www.gbif.org/dataset/6d9e952f-948c-4483-9807-575348147c7e"" target=""_blank""> GRIIS checklist of Belgium</a>). For each species, the table includes information regarding its invasion status in Belgium as documented in the GRIIS checklist. The columns are described below: </p>

- <b>Species</b> displays the scientific name of the alien species.<br>
- <b>GBIF taxonomic ID (taxonkey)</b> shows the taxonkey of the species on <a href= ""https://www.gbif.org/news/EQgUzZ4YA75BSeLs1naI9/belgian-built-gbif-alert-system-wins-the-2023-ebbe-nielsen-challenge"" target=""_blank""> GBIF </a>(the Global Biodiversity Information Facility). Learn more about GBIF taxonomic keys on <a href= ""https://discourse.gbif.org/t/understanding-gbif-taxonomic-keys-usagekey-taxonkey-specieskey/3045"" target=""_blank""> this page. </a><br>
- <b>Year of last observation </b>indicates the most recent year the species was observed in Belgium. This is either based on the last year of observation indicated in the GRIIS checklist or (when available) on a more recent georeferenced observation of the species reported on GBIF.<br>
- <b>Habitat</b> lists the habitat type(s) in which the species is typically found, as indicated in the GRIIS checklist.<br>
- <b>Source</b> indicates the initial checklist that served as the basis to include the species in the GRIIS checklist. <br>
- <b>Year of first observation</b> signifies the first year the species was observed in Belgium (per region), as documented in the GRIIS checklist.<br>
- <b>Degree of establishment</b> indicates the degree of establishment of the species in Belgium, as indicated in the GRIIS checklist. ""NA"" signifies that this information was not available on the GRIIS checklist for the respective species.<br>
- <b>Pathway</b> Displays the introduction pathway(s) of the species in Belgium as specified in the GRIIS checklist. <br>
- <b>More</b> Indicates whether there is more information available on the species (using icons): <br>"
tableNesten_description,The number of nests reported on vespawatch.be per province.</br><em>Dates available until {{maxDate}}<em>
visualize_pathways_level1_description,"This graph shows the number of introduced taxa per introduction pathway category <i>(<a href=""https://www.cbd.int/doc/c/9d85/3bc5/d640f059d03acd717602cd76/sbstta-22-inf-09-en.pdf#page=8"" target = ""_blank"">CBD, level1</a>)</i>."
visualize_pathways_year_level1_description,"<p>This graph shows the trends in the number introduced taxa per introduction pathway category <i>(<a href=""https://www.cbd.int/doc/c/9d85/3bc5/d640f059d03acd717602cd76/sbstta-22-inf-09-en.pdf#page=8"" target = ""_blank"">CBD, level1</a>)</i>
<p>The taxa are grouped by decade based on their year of first observation as specified on the <a href= ""https://www.gbif.org/dataset/6d9e952f-948c-4483-9807-575348147c7e"" target=""_blank""> GRIIS checklist of Belgium</a>. 
<p><i><span style=""color: red; font-size: 1.5em; font-weight: bold; animation: pulse 1s infinite;"">!</span> A single taxa can be introduced via multiple introduction pathway categories, a taxa can thus be included more than once on this graph. This means the sum of the 'number of introduced taxa per introduction pathway category' can be larger than the 'number of taxa'</i>."
visualize_pathways_level2_description,"<p>This graph shows the number of introduced taxa per introduction pathway subcategory <i>(<a href=""https://www.cbd.int/doc/c/9d85/3bc5/d640f059d03acd717602cd76/sbstta-22-inf-09-en.pdf#page=8"" target = ""_blank"">CBD, level2</a>)</i>.
<p><p><i><span style=""color: red; font-size: 1.5em; font-weight: bold; animation: pulse 1s infinite;"">!</span> This graph can only display the subcategories of a single introduction pathway category. Please select a category using the filter at the top of this page</i>."
visualize_pathways_year_level2_description,"<p>This graph shows the trends in the number introduced taxa per introduction pathway subcategory <i>(<a href=""https://www.cbd.int/doc/c/9d85/3bc5/d640f059d03acd717602cd76/sbstta-22-inf-09-en.pdf#page=8"" target = ""_blank"">CBD, level2</a>)</i>
<p>The taxa are grouped by decade based on their year of first observation as specified on the <a href= ""https://www.gbif.org/dataset/6d9e952f-948c-4483-9807-575348147c7e"" target=""_blank""> GRIIS checklist of Belgium</a>. 
<p><i><span style=""color: red; font-size: 1.5em; font-weight: bold; animation: pulse 1s infinite;"">!</span> This graph can only display the subcategories of a single introduction pathway category. Please select a category using the filter at the top of this page</i>.
<p><i><span style=""color: red; font-size: 1.5em; font-weight: bold; animation: pulse 1s infinite;"">!</span> A single taxa can be introduced via multiple introduction pathway subcategories, a taxa can thus be included more than once on this graph. This means the sum of the 'number of introduced taxa per introduction pathway category' can be larger than the 'number of taxa'</i>."
welcomeTitle_description,On this page you will find all figures and trends about alien species in Belgium.
occupancy_description,Area occupied by a species
checklist-welcome_description,"On this page you can find tables and graphs based on the <a href= ""https://www.gbif.org/dataset/6d9e952f-948c-4483-9807-575348147c7e"" target=""_blank""> GRIIS checklist of Belgium</a>."
species-welcome_description,"<p style=""text-align: center;"">This page offers interactive figures and trends for individual species, which you can select using the dropdown menu below. By default, data is shown for all of Belgium, but you can choose any combination of specific regions for a more tailored view. Our primary data source is <a href=""https://www.gbif.org"" target=""_blank"">GBIF.org</a>, supplemented with additional datasets where relevant.</p>"
confirm_language_change_title,Change language
confirm_language_change_description,Are you sure you want to change the language of the application? This will result in a loss of graph and table settings.
management-mapOccurrence_oxyura_jamaicensis_title,TITLE
management-mapOccurrence_oxyura_jamaicensis_description,DESCRIPTION
