id,fr
'S Gravenbrakel_title,Braine-le-Comte
2041-2070_title,2041-2070
2071-2100_title,2071-2100
AE_title,Nid embryonnaire actif
AP_title,Nid primaire actif
AS_title,Nid secondaire actif
Aalst_title,Alost
Aalter_title,NA
Aarlen_title,Arlon
Aarschot_title,NA
Aartselaar_title,NA
Aat_title,Ath
Ad hoc alien species checklist_title,Ad hoc alien species checklist
Affligem_title,NA
Africa_title,Afrique
Aiseau-Presles_title,NA
Alien Bird Checklist_title,Alien Bird Checklist
Alien Fish Flanders_title,Alien Fish Flanders
Alien Macroinverts_title,Alien Macroinverts
Alien Mollusc checklist_title,Alien Mollusc checklist
Alken_title,NA
Alveringem_title,NA
Amay_title,NA
Amel_title,Amblève
Americas_title,Amérique
Andenne_title,NA
Anderlecht_title,NA
Anderlues_title,NA
Anhee_title,NA
Ans_title,NA
Anthisnes_title,NA
Antoing_title,NA
Antwerpen_title,Anvers
Anzegem_title,NA
Ardooie_title,NA
Arendonk_title,NA
As_title,NA
Asia_title,Asie
Asse_title,NA
Assenede_title,NA
Assesse_title,NA
Attert_title,NA
Aubange_title,NA
Aubel_title,NA
Australia and New Zealand_title,Australie et Nouvelle-Zélande
Avelgem_title,NA
Awans_title,NA
Aywaille_title,NA
Baarle-Hertog_title,Baerle-Duc
Baelen_title,NA
Balen_title,Baelen
Baseline_title,Climat actuel (baseline)
Bastenaken_title,Bastogne
Beaumont_title,NA
Beauraing_title,NA
Beernem_title,NA
Beerse_title,NA
Beersel_title,NA
Begijnendijk_title,NA
Behandeling_title,Traitement
Bekkevoort_title,NA
Belgian rust fungi_title,Belgian rust fungi
België_title,Belgique
Beloeil_title,NA
Bergen_title,Mons
Beringen_title,NA
Berlaar_title,NA
Berlare_title,NA
Berloz_title,NA
Bernissart_title,NA
Bertem_title,NA
Bertogne_title,NA
Bertrix_title,NA
Bevekom_title,Beauvechin
Bever_title,Biévène
Beveren_title,NA
Beyne-Heusay_title,NA
Bierbeek_title,NA
Bievre_title,NA
Bilzen_title,NA
Binche_title,NA
Bitsingen_title,Bassenge
Blankenberge_title,NA
Blegny_title,NA
Bocholt_title,NA
Boechout_title,NA
Bonheiden_title,NA
Boom_title,NA
Boortmeerbeek_title,NA
Borgloon_title,Looz
Borgworm_title,Waremme
Bornem_title,NA
Borsbeek_title,NA
Bouillon_title,NA
Boussu_title,NA
Boutersem_title,NA
Braives_title,NA
Brakel_title,NA
Brasschaat_title,NA
Brecht_title,NA
Bredene_title,NA
Bree_title,NA
Brugelette_title,NA
Brugge_title,Bruges
Brunehaut_title,NA
Brussel_title,Bruxelles
Buellingen_title,NA
Buggenhout_title,NA
Burdinne_title,NA
Burg-Reuland_title,NA
Bütgenbach_title,Butgenbach
Capture_title,capture
Caribbean_title,Caraïbes
Celles_title,NA
Central America_title,Amérique centrale
Central Asia_title,Asie centrale
Cerfontaine_title,NA
Chapelle-Lez-Herlaimont_title,NA
Charleroi_title,NA
Chastre_title,NA
Chatelet_title,NA
Chaudfontaine_title,NA
Chaumont-Gistoux_title,NA
Chievres_title,NA
Chimay_title,NA
Chiny_title,NA
Ciney_title,NA
Clavier_title,NA
Colfontaine_title,NA
Comblain-Au-Pont_title,NA
Courcelles_title,NA
Court-Saint-Etienne_title,NA
Couvin_title,NA
Crisnee_title,NA
Current_title,Période actuelle
Dalhem_title,NA
Damme_title,NA
Daverdisse_title,NA
De Haan_title,NA
De Panne_title,La Panne
De Pinte_title,NA
Deerlijk_title,NA
Deinze_title,NA
Denderleeuw_title,NA
Dendermonde_title,Termonde
Dentergem_title,NA
Dessel_title,NA
Destelbergen_title,NA
Diepenbeek_title,NA
Diest_title,NA
Diksmuide_title,Dixmude
Dilbeek_title,NA
Dilsen-Stokkem_title,NA
Dinant_title,NA
Dison_title,NA
Doische_title,NA
Donceel_title,NA
Doornik_title,Tournai
Dour_title,NA
Drogenbos_title,NA
Duffel_title,NA
Durbuy_title,NA
Early_alert_dashboard_description,"Ce tableau de bord interactif a été développé dans le cadre du projet européen LIFE RIPARIAS et rassemble des données GBIF sur 15 espèces exotiques envahissantes des milieux riverains et des cours d’eau, ainsi que des données sur toutes les espèces de la liste de l’Union. Il permet aux gestionnaires locaux de consulter les observations et de configurer des alertes par e-mail pour des espèces et des zones spécifiques."
Early_alert_dashboard_title,Early alert
Eastern Africa_title,Afrique de l'Est
Eastern Asia_title,Asie de l'Est
Eastern Europe_title,Europe de l'Est
Ecaussinnes_title,NA
Edegem_title,NA
Edingen_title,Enghien
Eeklo_title,NA
Eghezee_title,NA
Eigenbrakel_title,Braine-l'Alleud
Elsene_title,Ixelles
Elzele_title,Ellezelles
Engis_title,NA
Erezee_title,NA
Erpe-Mere_title,NA
Erquelinnes_title,NA
Esneux_title,NA
Essen_title,NA
Estaimpuis_title,NA
Estinnes_title,NA
Etalle_title,NA
Etterbeek_title,NA
Eupen_title,NA
Europe_title,Europe
Evere_title,NA
Evergem_title,NA
Faimes_title,NA
Farciennes_title,NA
Fauvillers_title,NA
Fernelmont_title,NA
Ferrieres_title,NA
Fexhe-Le-Haut-Clocher_title,NA
Flemalle_title,NA
Fleron_title,NA
Fleurus_title,NA
Floreffe_title,NA
Florenne_title,NA
Florenville_title,NA
Fontaine-L'eveque_title,NA
Fosses-La-Ville_title,NA
Frameries_title,NA
Frasnes-Lez-Anvaing_title,NA
Froidchapelle_title,NA
Galmaarden_title,Gammerages
Ganshoren_title,NA
Gavere_title,NA
Gedinne_title,NA
Geel_title,NA
Geer_title,NA
Geetbets_title,NA
Geldenaken_title,Jodoigne
Gembloux_title,NA
Genepien_title,Genappe
Genk_title,NA
Gent_title,Gand
Geraardsbergen_title,Grammont
Gerpinnes_title,NA
Gesves_title,NA
Gingelom_title,NA
Gistel_title,NA
Glabbeek_title,NA
Gooik_title,NA
Gouvy_title,NA
Grace-Hollogne_title,NA
Graven_title,Grez-Doiceau
Grimbergen_title,NA
Grobbendonk_title,NA
Haacht_title,NA
Haaltert_title,NA
Habay_title,NA
Hal_title,NA
Halen_title,NA
Ham-Sur-Heure-Nalinnes_title,NA
Ham_title,NA
Hamme_title,NA
Hamoir_title,NA
Hamois_title,NA
Hamont-Achel_title,NA
Hannuit_title,Hannut
Harelbeke_title,NA
Hasselt_title,NA
Hastiere_title,NA
Havelange_title,NA
Hechtel-Eksel_title,NA
Heers_title,NA
Heist-Op-Den-Berg_title,NA
Helecine_title,NA
Hemiksem_title,NA
Henegouwen_title,Hainaut
Hensies_title,NA
Herbeumont_title,NA
Herent_title,NA
Herentals_title,NA
Herenthout_title,NA
Herk-De-Stad_title,Herck-la-Ville
Herne_title,NA
Heron_title,NA
Herselt_title,NA
Herstal_title,NA
Herstappe_title,NA
Herve_title,NA
Herzele_title,NA
Heusden-Zolder_title,NA
Heuvelland_title,NA
Hoegaarden_title,NA
Hoei_title,Huy
Hoeilaart_title,NA
Hoeselt_title,NA
Holsbeek_title,NA
Honnelles_title,NA
HoofdstedelijkGewest_title,Région de la capitale
Hooglede_title,NA
Hoogstraten_title,NA
Horebeke_title,NA
Hotton_title,NA
Houffalize_title,NA
Houthalen-Helchteren_title,NA
Houthulst_title,NA
Houyet_title,NA
Hove_title,Hoves
Huldenberg_title,NA
Hulshout_title,NA
IE_title,nid inactif/vide
Ichtegem_title,NA
Ieper_title,Ypres
Incourt_title,NA
Ingelmunster_title,NA
Itter_title,Ittre
Izegem_title,NA
Jabbeke_title,NA
Jalhay_title,NA
Jemeppe-Sur-Sambre_title,NA
Jette_title,NA
Juprelle_title,NA
Jurbeke_title,Jurbise
Kalmthout_title,NA
Kampenhout_title,NA
Kapelle-Op-Den-Bos_title,Capelle-au-Bois
Kapellen_title,NA
Kaprijke_title,NA
Kasteelbrakel_title,Braine-le-Château
Kasterlee_title,NA
Keerbergen_title,NA
Kelmis_title,La Calamine
Kinrooi_title,NA
Kluisbergen_title,NA
Knesselare_title,NA
Knokke-Heist_title,NA
Koekelare_title,NA
Koekelberg_title,NA
Koksijde_title,NA
Komen-Waasten_title,Comines-Warneton
Kontich_title,NA
Kortemark_title,NA
Kortenaken_title,NA
Kortenberg_title,NA
Kortessem_title,NA
Kortrijk_title,Courtrai
Kraainem_title,NA
Kruibeke_title,NA
Kruishoutem_title,NA
Kuurne_title,NA
La Bruyere_title,NA
La Louviere_title,NA
La Roche-En-Ardenne_title,NA
Laakdal_title,NA
Laarne_title,NA
Lanaken_title,NA
Landen_title,NA
Langemark-Poelkapelle_title,NA
Lasne_title,NA
Le Roeulx_title,NA
Lebbeke_title,NA
Lede_title,NA
Ledegem_title,NA
Leglise_title,NA
Lendelede_title,NA
Lennik_title,NA
Lens_title,NA
Leopoldsburg_title,Bourg-Léopold
Les Bons Villers_title,NA
Lessen_title,Lessines
Leuven_title,Louvain
Leuze-En-Hainaut_title,NA
Libin_title,NA
Libramont-Chevigny_title,NA
Lichtervelde_title,NA
Liedekerke_title,NA
Lier_title,Lierre
Lierde_title,NA
Lierneux_title,NA
Lijsem_title,Lincent
Lille_title,NA
Limburg_title,Limbourg
Linkebeek_title,NA
Lint_title,NA
Linter_title,NA
Lo-Reninge_title,NA
Lobbes_title,NA
Lochristi_title,NA
Lokeren_title,NA
Lommel_title,NA
Londerzeel_title,NA
Lontzen_title,NA
Lovendegem_title,NA
Lubbeek_title,NA
Luik_title,Liège
Lummen_title,NA
Luxemburg_title,Luxembourg
MICA_dashboard_description,"Ce tableau de bord interactif présente des données sur le rat musqué (<i>Ondatra zibethicus</i>) et le ragondin (<i>Myocastor coypus</i>). Développé dans le cadre du projet européen LIFE MICA, il cartographie les observations et les données de capture recueillies en Belgique, aux Pays-Bas et en Allemagne afin de soutenir la gestion de ces espèces invasives. Les utilisateurs peuvent explorer les données au moyen de cartes interactives, de graphiques et de tableaux."
MICA_dashboard_title,MICA dashboard
Maarkedal_title,NA
Maaseik_title,NA
Maasmechelen_title,NA
Machelen_title,NA
Maldegem_title,NA
Malle_title,NA
Malmedy_title,NA
Manage_title,NA
Manhay_title,NA
Manual of Alien Plants_title,Manual of Alien Plants
Marche-En-Famenne_title,NA
Marchin_title,NA
Martelange_title,NA
Mechelen_title,Malines
Meerhout_title,NA
Meeuwen-Gruitrode_title,NA
Meise_title,NA
Meix-Devant-Virton_title,NA
Melanesia_title,Mélanésie
Melle_title,NA
Menen_title,Menin
Merbes-Le-Chateau_title,NA
Merchtem_title,NA
Merelbeke_title,NA
Merksplas_title,NA
Mesen_title,Messines
Messancy_title,NA
Mettet_title,NA
Meulebeke_title,NA
Micronesia_title,Micronésie
Middelkerke_title,NA
Middle Africa_title,Afrique centrale
Modave_title,NA
Moerbeke_title,NA
Moeskroen_title,Mouscron
Mol_title,NA
Momignies_title,NA
Mont-De-L'enclus_title,NA
Mont-Saint-Guibert_title,NA
Montigny-Le-Tilleul_title,NA
Moorslede_title,NA
Morlanwelz_title,NA
Mortsel_title,NA
Musson_title,NA
NA_title,NA
Namen_title,Namur
Nandrin_title,NA
Nassogne_title,NA
Natuurpunt_title,Natuurpunt
Nazareth_title,NA
Neerpelt_title,NA
Neufchateau_title,NA
Neupre_title,NA
Nevele_title,NA
Niel_title,NA
Nieuwerkerken_title,NA
Nieuwpoort_title,Nieuport
Nijlen_title,NA
Nijvel_title,Nivelles
Ninove_title,NA
Non-union list_title,pas listé (liste de l'Union)
Northern Africa_title,Afrique du Nord
Northern America_title,Amérique du Nord
Oceania_title,Océanie
Oerle_title,Oreye
Ohey_title,NA
Olen_title,NA
Olne_title,NA
Onhaye_title,NA
Oost-Vlaanderen_title,Flandre-Orientale
Oostende_title,Ostende
Oosterzele_title,NA
Oostkamp_title,NA
Oostrozebeke_title,NA
Opglabbeek_title,NA
Opwijk_title,NA
Opzullik_title,Silly
Orp-Jauche_title,NA
Ottignies-Louvain-La-Neu_title,NA
Oud-Heverlee_title,NA
Oud-Turnhout_title,NA
Oudenaarde_title,Audenarde
Oudenburg_title,NA
Oudergem_title,Auderghem
Ouffet_title,NA
Oupeye_title,NA
Overijse_title,NA
Overpelt_title,NA
Paliseul_title,NA
Pecq_title,NA
Peer_title,NA
Pepingen_title,NA
Pepinster_title,NA
Period_title,Période
Peruwelz_title,NA
Perwijs_title,Perwez
Philippeville_title,NA
Pittem_title,NA
Plombieres_title,NA
Pont-A-Celles_title,NA
Poperinge_title,NA
Profondeville_title,NA
Putte_title,NA
Puurs_title,NA
Quaregnon_title,NA
Quevy_title,NA
Quievrain_title,NA
RINSE1_title,RINSE1
RINSE2_title,RINSE2
RadIUS_dashboard_description,"Ce tableau de bord interactif a été développé dans le cadre du projet RadIUS et cartographie la présence de différentes espèces exotiques envahissantes dans les espaces naturels de Flandre. L’analyse porte sur 79 espèces envahissantes et différents types de territoires naturels, par exemple les habitats Natura 2000, le patrimoine de l’ANB et les programmes de protection des espèces. Le tableau de bord rassemble les résultats et offre aux acteurs un outil pratique pour définir les priorités de gestion."
RadIUS_dashboard_title,RadIUS dashboard
Raeren_title,NA
Ramillies_title,NA
Ranst_title,NA
Ravels_title,NA
Rebecq_title,NA
Remicourt_title,NA
Rendeux_title,NA
Retie_title,NA
Riemst_title,NA
Rijkevorsel_title,NA
Rixensart_title,NA
Rochefort_title,NA
Roeselare_title,Roulers
Ronse_title,Renaix
Roosdaal_title,NA
Rotselaar_title,NA
Rouvroy_title,NA
Ruiselede_title,NA
Rumes_title,NA
Rumst_title,NA
SSP1-2.6_title,SSP1-2.6
SSP3-7.0_title,SSP3-7.0
SSP5-8.5_title,SSP5-8.5
Saint-Georges-Sur-Meuse_title,NA
Saint-Ghislain_title,NA
Saint-Hubert_title,NA
Saint-Leger_title,NA
Saint-Nicolas_title,NA
Sainte-Ode_title,NA
Sambreville_title,NA
Sankt Vith_title,Saint-Vith
Scenario_title,Scénario
Schaarbeek_title,Schaerbeek
Schelle_title,NA
Scherpenheuvel-Zichem_title,Montaigu-Zichem
Schilde_title,NA
Schoten_title,NA
Seneffe_title,NA
Seraing_title,NA
Sint-Agatha-Berchem_title,Berchem-Sainte-Agathe
Sint-Amands_title,Saint-Amand
Sint-Genesius-Rode_title,Rhode-Saint-Genèse
Sint-Gillis-Waas_title,Saint-Gilles-Waes
Sint-Gillis_title,Saint-Gilles
Sint-Jans-Molenbeek_title,Molenbeek-Saint-Jean
Sint-Joost-Ten-Node_title,Saint-Josse-ten-Noode
Sint-Katelijne-Waver_title,Wavre-Sainte-Cathérine
Sint-Lambrechts-Woluwe_title,Woluwe-Saint-Lambert
Sint-Laureins_title,NA
Sint-Lievens-Houtem_title,Hautem-Saint-Liévin
Sint-Martens-Latem_title,Laethem-Saint-Martin
Sint-Niklaas_title,Saint-Nicolas
Sint-Pieters-Leeuw_title,Leeuw-Saint-Pierre
Sint-Pieters-Woluwe_title,Woluwe-Saint-Pierre
Sint-Truiden_title,Saint-Trond
Sivry-Rance_title,NA
Sombreffe_title,NA
Somme-Leuze_title,NA
Soumagne_title,NA
South America_title,Amérique du Sud
Southeastern Asia_title,Asie du sud est
Southern Africa_title,Afrique du Sud
Southern Asia_title,Asie du sud
Southern Europe_title,Europe du Sud
Spa_title,NA
Spiere-Helkijn_title,Espierres-Helchin
Sprimont_title,NA
Stabroek_title,NA
Staden_title,NA
Stavelot_title,NA
Steenokkerzeel_title,NA
Stekene_title,NA
Stoumont_title,NA
Tellin_title,NA
Temse_title,Tamise
Tenneville_title,NA
Terhulpen_title,La Hulpe
Ternat_title,NA
Tervuren_title,NA
Tessenderlo_title,NA
Theux_title,NA
Thimister-Clermont_title,NA
Thuin_title,NA
Tielt-Winge_title,NA
Tielt_title,NA
Tienen_title,Tirlemont
Tinlot_title,NA
Tintigny_title,NA
Tongeren_title,Tongres
Torhout_title,NA
Tremelo_title,NA
Trois-Ponts_title,NA
Trooz_title,NA
Tubeke_title,Tubize
Turnhout_title,NA
UK_title,Inconnu
Ukkel_title,Uccle
Union list_title,liste de l’Union
Vaux-Sur-Sure_title,NA
Verlaine_title,NA
Verviers_title,NA
Vespawatch_title,Vespawatch
Veurne_title,Furnes
Vielsalm_title,NA
Villers-La-Ville_title,NA
Villers-Le-Bouillet_title,NA
Vilvoorde_title,Vilvorde
Viroinval_title,NA
Virton_title,NA
Vlaams-Brabant_title,Brabant flamand
Vleteren_title,NA
Vloesberg_title,Flobecq
Voeren_title,Fourons
Vorselaar_title,NA
Vorst_title,Forest
Vosselaar_title,NA
Vresse-Sur-Semois_title,NA
WRiMS_title,WRiMS
Waals-Brabant_title,Brabant wallon
Waarschoot_title,NA
Waasmunster_title,NA
Wachtebeke_title,NA
Walcourt_title,NA
Walhain_title,NA
Wanze_title,NA
Waregem_title,NA
Wasseiges_title,NA
Waterloo_title,NA
Watermaal-Bosvoorde_title,Watermael-Boitsfort
Waver_title,Wavre
Weismes_title,Waimes
Welkenraedt_title,NA
Wellen_title,NA
Wellin_title,NA
Wemmel_title,NA
Wervik_title,NA
West-Vlaanderen_title,Flandre-Occidentale
Westerlo_title,NA
Western Africa_title,Afrique de l'Ouest
Western Asia_title,Asie occidentale
Western Europe_title,Europe de l'Ouest
Wetteren_title,NA
Wevelgem_title,NA
Wezembeek-Oppem_title,NA
Wezet_title,Visé
Wichelen_title,NA
Wielsbeke_title,NA
Wijnegem_title,NA
Willebroek_title,NA
Wingene_title,NA
Wommelgem_title,NA
Wortegem-Petegem_title,NA
Wuustwezel_title,NA
Yvoir_title,NA
Zandhoven_title,NA
Zaventem_title,NA
Zedelgem_title,NA
Zele_title,NA
Zelzate_title,NA
Zemst_title,NA
Zingem_title,NA
Zinnik_title,Soignies
Zoersel_title,NA
Zomergem_title,NA
Zonhoven_title,NA
Zonnebeke_title,NA
Zottegem_title,NA
Zoutleeuw_title,Léau
Zuienkerke_title,NA
Zulte_title,NA
Zutendaal_title,NA
Zwalm_title,NA
Zwevegem_title,NA
Zwijndrecht_title,NA
absolute_title,absolut
allDoe_title,Tous les degrés d'établi
allHabitats_title,Tous les habitats
allNativeRanges_title,Toutes les aires d'origine
allNative_title,Tous les continents d'origine
allPathwaySubCategories_title,Toutes les voies d'introduction (sous-catégories)
allPathways_title,Toutes les voies d'introduction (catégories)
allRegions_title,Toutes les régions
allSources_title,Toutes sources
allTaxa_title,Tous les taxons
allUnion_title,Espèces de la liste de l'Union et non
allYears_title,Toutes les années
all_out_title,"Le portail contient des donnéés sur les observations, les indicateurs, la gestion, et (pour les espèces de la liste de l'Union) les rapports."
all_title,Tout
andMissing_title,et manquant
and_title,et
apply_gamObservations_description,"<p>Modèle Additif Généralisé (MAG) basé sur le nombre d'observations d'une espèce.</p> <p>Les points noirs représentent le nombre d'observations de l'espèce par année. La ligne de tendance montre le GAM basé sur les observations. Les couleurs indiquent le statut d'émergence pour une année donnée. Les pointes <b style=""color: green;"">verts</b> indiquent que l'espèce n'est pas émergente, <b style=""color: orange;"">orange</b> que l'espèce est potentiellement émergente, <b style=""color: red;"">rouge</b> que l'espèce est émergente, et <b style=""color: grey;"">gris</b> que le modèle est non concluant.</p> <p>Ce modèle peut être corrigé en fonction du biais d'observateur<sup>1</sup> et peut être spécifiquement appliqué aux zones protégées Natura2000<sup>2</sup>.</p> <p><i><sup>1</sup>Le nombre d'observations est corrigé par rapport au nombre d'observations de la classe de l'espèce (par exemple dans le cas de Cyperus eragrostis (<a href=""https://www.gbif.org/species/2715482"" target = ""_blank"">2715482</a>), les observations d'autres Liliopsida (<a href=""https://www.gbif.org/species/196"" target = ""_blank"">196</a>) sont prises en compte).</i></br><i><sup>2</sup>Seules les observations dont la cellule de grille de 1x1km chevauche une zone Natura2000 sont prises en compte. Chaque observation se voit attribuer une cellule de grille aléatoire basée sur la précision de la localisation rapportée. Par conséquent, le résultat du GAM pour Natura2000 peut donner des résultats légèrement différents après une mise à jour.</i> </p>Pour plus d'informations concernant la méthode utilisée, veuillez consulter <a href=""https://trias-project.github.io/indicators/07_occurrence_indicators_modelling.html"" target = ""_blank"">la documentation des indicateurs TrIAS</a>."
apply_gamObservations_title,Statut d'émergence (MAG) - Nombre d'observations modélisées
apply_gamOccupancy_description,"<p>Modèle Additif Généralisé (MAG) basé sur la surface occupée par une espèce.</p> 
<p>Ce modèle est basé sur les <a href=""https://doi.org/10.5281/zenodo.3632749"" target=""_blank"">Cubes d’occurrence pour les taxons non indigènes en Belgique et en Europe.</a></p> 
<p>Les points noirs représentent le nombre de cellules de grille occupées par l’espèce chaque année. La ligne de tendance montre le GAM basé sur le degré d’occupation. Les couleurs indiquent le statut d’émergence pour une année spécifique. Les points <b style=""color: green;"">verts</b> indiquent que l’espèce n’est pas émergente, les points <b style=""color: orange;"">oranges</b> indiquent que l’espèce est potentiellement émergente, les points <b style=""color: red;"">rouges</b> indiquent que l’espèce est émergente, et les points <b style=""color: grey;"">gris</b> indiquent que le modèle est inconclusif.</p> 
<p>Ce modèle peut être corrigé en fonction du biais des observateurs<sup>1</sup> et de l’occurrence dans les zones protégées Natura2000<sup>2</sup>.</p> <p><i><sup>1</sup>Le nombre d’observations est corrigé par rapport au nombre d’observations de la classe de l’espèce, par exemple, dans le cas de Cyperus eragrostis (<a href=""https://www.gbif.org/species/2715482"" target = ""_blank"">2715482</a>), les observations d’autres Liliopsida (<a href=""https://www.gbif.org/species/196"" target = ""_blank"">196</a>) sont prises en compte.</i></br> <i><sup>2</sup>Seules les observations dont la cellule de grille 1x1 km chevauche une zone Natura2000 sont prises en compte. Chaque observation est assignée à une cellule de grille aléatoire en fonction de la précision du rapport. Par conséquent, les résultats du GAM pour Natura2000 peuvent légèrement différer après une mise à jour.</i></p> 
<p>Pour plus d’informations sur la méthode utilisée, veuillez consulter les <a href=""https://trias-project.github.io/indicators/07_occurrence_indicators_modelling.html"" target = ""_blank"">indicateurs TrIAS</a></p>"
apply_gamOccupancy_title,Statut d'émergence (MAG) - Surface occupée modélisée
barplotLenteNesten_description,Le nombre de nids signalés sur vespawatch.be entre le 1er janvier et le 19 mai
barplotLenteNesten_title,Nids de printemps
baseline_title,Base
behandeld_title,traité
binConfirm_title,NA
binType_title,Types de groupes
bottom_title,en bas
bottomleft_title,En bas à gauche
bottomright_title,En bas à droite
break_title,Valeur seuil
brussels_title,Région de Bruxelles-Capitale
captive_title,en captivité
casual_title,sporadique
checklist-welcome_description,"Sur cette page, vous trouverez des tableaux et des graphiques basés sur la <a href= ""https://www.gbif.org/dataset/6d9e952f-948c-4483-9807-575348147c7e"" target=""_blank""> checklist GRIIS de Belgique</a>."
checklist-welcome_title,Indicateurs checklist
checklist_indicators_title,Indicateurs checklist
class_title,classe
colonizing_title,coloniser
colors_text_title,La couleur de ces icônes indique les données disponibles sur le portail des espèces exotiques pour l’espèce concernée:
colors_title,Couleur de l'icône
combineRegions_title,Combinez toutes les régions sélectionnées dans le graphique de tendance
communes_title,communes
confHigh_title,grande confiance
confLow_title,faible confiance
confMap_title,Carte de confiance du risque prévu
confirmLanguageChange_description,Voulez-vous vraiment changer la langue de l'application? Cela entraînera la perte des paramètres des graphiques et des tableaux.
confirmLanguageChange_title,Changer de langue
contactApp_title,Signalez un problème avec l'application
contactMissing_title,Signalez les données manquantes
contaminant_animal_parasite_title,Parasites des animaux (y compris les espèces transportées par un hôte/vecteur)
contaminant_bait_title,Appâts contaminés
contaminant_food_title,Contaminant alimentaire (y compris d’aliments vivants)
contaminant_habitat_material_title,"Transport de matériel constituant un habitat (sol, végétation, etc.)"
contaminant_nursery_title,Contaminant de matériel de pépinière
contaminant_on_animals_title,"Contaminants des animaux (hormis les parasites, espèces transportées par un hôte/vecteur)"
contaminant_on_plants_title,"Contaminants des végétaux (hormis les parasites, espèces transportées par un hôte/vecteur)"
contaminant_plant_parasite_title,Parasites des végétaux (y compris les espèces transportées par un hôte/vecteur)
contaminant_seed_title,Contaminants des graines
contaminant_timber_title,Commerce du bois
contaminant_title,TRANSPORT - contaminant
contaminant_unknown_title,Contaminant (non spécifié)
contents_title,Table des matières
correctBias_title,Corrigé pour biais d'observateurs
corridor_land_title,Tunnels et ponts
corridor_title,COULOIR
corridor_unknown_title,Couloir (non spécifié)
corridor_water_title,Cours d’eau / bassins / mers reliés entre eux
countNesten_description,Le nombre de nids signalés sur vespawatch.be par province. </br><em>Dates disponibles jusqu'à {{maxDate}}<em>
countNesten_title,Nombre de nids par province (figure)
countOccupancy_description,"<I>ATTENTION : Graphique indépendant des filtres sélectionnés ci-dessus.</I>
<br><br>
Ce graphique affiche le tendance d'occupation (c.-à-d. le pourcentage de cellules de 10 km<sup>2</sup> occupées) en Flandre pour toutes les espèces incluses dans 
<a href=""https://eur-lex.europa.eu/legal-content/EN/TXT/PDF/?uri=CELEX:02016R1141-20220802&from=EN"" target=""_blank""> la liste des espèces d'intérêt de l'Union</a>. 
Pour chaque espèce, l'occupation au moment de son inclusion dans la liste de l'Union est indiquée en 
<span style=""color: #4f7c9bff;"">bleu</span> (Base), tandis que l'occupation pendant la période de rapport triennal la plus récente est représentée en 
<span style=""color: #e87837ff;"">orange</span> (Rapport)."
countOccupancy_title,Tendance d'occupation des espèces de la liste de l'Union en Flandre
countOccurrence_yLabel_description,NA
countOccurrence_yLabel_title,Répartition (nombre de carrés de 1 x 1 km)
count_title,nombre
cpue_title,prise par unité d'effort
createReport_title,Créer un rapport
culling - shooting_title,abbatage
cultivated_title,cultivé
cumsum_title,nombre cumulé
cumulative_title,nombre cumulé
degree_of_establishment_title,degré d'établissement
diffHigh_title,différence de risque élevée
diffLow_title,faible différence de risque
diffMap_title,Carte de différence de risque entre le scénario climatique RCP et les données climatiques historiques
difference_title,Différence
disclaimerVespa_title,"L'espèce n'est actuellement pas active. Lorsque vous observez un individu, il peut s'agir d'une reine hivernante, ce qui n'indique pas d'activité de nidification."
downloadData_title,Télécharger les données
downloadGraph_title,Télécharger le graphique
downloadMap_title,Télécharger la carte
endYear_title,Année de fin
entireRegion_title,L'ensemble du territoire
escape_agriculture_title,Agriculture (y compris les cultures énergétiques)
escape_aquaculture_title,Aquaculture/mariculture
escape_farm_title,Animaux d’élevage (y compris les animaux soumis à un contrôle limité)
escape_food_bait_title,Aliments et appâts vivants
escape_forestry_title,Sylviculture (y compris le reboisement)
escape_fur_farm_title,Exploitations de production de fourrure
escape_horticulture_title,Horticulture
escape_ornamental_title,Fins ornementales hors horticulture
escape_other_title,Autres fuites de zones de confinement
escape_pet_title,Animaux de compagnie/espèces d’aquarium/terrarium (y compris les aliments vivants issus de ces espèces)
escape_research_title,Recherche et reproduction d’animaux ex-situ (dans des installations)
escape_title,ÉCHAPPEMENT de confinement
escape_unknown_title,Fuite (non spécifié)
escape_zoo_title,Jardins botaniques/zoologiques/aquariums (hors aquariums privés)
established_title,établi
examples_title,exemples
extinct_title,éteint
failing_title,échouant
family_title,famille
faq_title,FAQ
female_title,femelle
first_observed_title,année de première observation
flanders_title,Flandre
freshwater_title,eau douce
gam_0_title,ne émerge pas
gam_1_title,pas clair
gam_2_title,potentiellement émergent
gam_3_title,émergent
gbifLink_title,ID taxonomique GBIF (taxonkey)
gender_title,Sexe
get_table_pathways_description,"Ce tableau montre le nombre d'espèces introduites et (au maximum) cinq exemples par catégorie de voie d'introduction et ses sous-catégories correspondantes, comme spécifié dans <a href='https://www.cbd.int/doc/c/9d85/3bc5/d640f059d03acd717602cd76/sbstta-22-inf-09-en.pdf' target='_blank'>les catégories CBD</a>."
get_table_pathways_title,Nombre d'espèces introduites par voie d'introduction
gewest_title,région
graph_title,Figure
group_title,groupe
habitat_title,habitat
habitats_title,Habitats
hideGlobe_title,Masquer la carte
icons_title,Icônes
images_title,Images
includeMissing_title,y compris manquant
incomplete_out_title,Sortie incomplète
indicator_introduction_year_description,"Ce graphique présente une série chronologique du nombre d'espèces exotiques nouvellement introduites en Belgique. Les points indiquent le nombre d'espèces introduites pour une année donnée (si des données sont disponibles), basé sur la date de la première observation de l'espèce, comme indiqué dans la <a href=""https://www.gbif.org/dataset/6d9e952f-948c-4483-9807-575348147c7e\"" target=""_blank"">liste de contrôle GRIIS</a>. La tendance générale, ajustée à l'aide d'un modèle LOESS, est représentée en <b style=""color:#356196ff;"">bleu</b>, tandis que la zone <b style=""color:#94a7baff;"">ombrée en bleu</b> indique l'intervalle de confiance à 95%."
indicator_introduction_year_title,Nombre d'espèces nouvellement introduites par an
indicator_native_range_year_description,"<p>Le nombre d'espèces introduites par année de première observation en Belgique et par continent d'origine (ou aire d'origine)</p> 
<p><i>Une subdivision plus détaillée des continents en sous-régions est possible en sélectionnant l'option ""aire d'origine"" dans le menu déroulant du niveau de région.</i></p>"
indicator_native_range_year_title,Nombre d'espèces introduites par an et par continent d'origine
indicator_total_year_description,"Ce graphique illustre le nombre cumulatif d'espèces exotiques introduites en Belgique, basé sur leur année de première observation, telle que documentée dans la <a href=""https://www.gbif.org/dataset/6d9e952f-948c-4483-9807-575348147c7e"" target=""_blank"">liste GRIIS</a>."
indicator_total_year_title,Nombre cumulé d'espèces introduites
indicators_title,Indicateurs
individual_title,Individu
introduced_title,introduit
invasive_title,envahissant
isBeheerd_title,NA
is_union_title,"L'espèce ce est incluse dans <a href=""https://eur-lex.europa.eu/legal-content/EN/TXT/PDF/?uri=CELEX:02016R1141-20220802&from=EN"" target=""_blank""> la liste des espèces d'intérêt de l'Union</a>."
juvenile_title,juvénile
key_title,NA
kingdom_title,règne
last_observed_title,année de dernière observation
left_title,gauche
legend_title,Légende
lenteNesten_title,Nombre de nids signalés jusqu'à 19 mai
less_title,Moins
lifeStage_title,stade de vie
links_title,Liens
locality_title,localité
locationId_title,ID de la localité
male_title,mâle
managed nest_title,Nid traité
management-mapInvasion_description,"<div>
  <p>
    Ces cartes montrent la répartition de l'espèce pour l'année de référence sélectionnée et la comparent avec la répartition des deux périodes précédentes de trois ans.
  </p>

  <p>En tant qu'utilisateur, vous pouvez choisir comment organiser les données d'observation. Voici comment procéder:</p>

  <ol>
    <li>Sélectionnez le bouton <strong>'Edit classes'</strong>.</li>
    <li>Définissez le nombre de catégories dans lesquelles vous souhaitez diviser les observations avec l'option <strong>nBins</strong>.</li>
    <li>
      Choisissez la manière dont les données seront réparties. Vous pouvez choisir entre:
      <ul>
        <li><strong>Répartition personnalisée:</strong> vous définissez vous-même les limites.</li>
        <li><strong>Répartition uniforme:</strong> toutes les catégories ont une répartition égale.</li>
        <li><strong>Répartition par quantiles:</strong> chaque catégorie contient environ le même nombre d'observations.</li>
      </ul>
    </li>
    <li>Donnez un nom à chaque catégorie: rendez l'affichage plus clair en attribuant un nom approprié à chaque groupe.</li>
    <li>Confirmez vos réglages: cliquez sur <strong>'Confirm groups'</strong> pour mettre à jour la carte avec votre nouvelle répartition.</li>
  </ol>
</div>"
management-mapInvasion_title,Histoire des invasions de {{species}}
management-mapOccurrence_description,"<p>Carte et graphiques associés de la distribution spatiale de la gestion réalisée de.
<li>Sur la carte, vous pouvez voir la distribution spatiale pour l'année choisie. 
<li>Sur le graphique en dessous de la carte à gauche, vous pouvez trouver la tendance par région (Flandre, Wallonie et/ou Bruxelles). <li>Sur le graphique en dessous de la carte à droite, la tendance dans la ou les régions sélectionnées est affichée.</p> 

<!DOCTYPE html> <html lang=""fr""> <head> <meta charset=""UTF-8""> <meta name=""viewport"" content=""width=device-width, initial-scale=1.0""> <title>Aperçu du tableau</title> <link href=""https://cdnjs.cloudflare.com/ajax/libs/font-awesome/5.15.4/css/all.min.css"" rel=""stylesheet""> <style> .indented { margin-left: 20px; }
details summary {
  list-style: none;
  font-size: 14px;
  color: #c1c443;
  text-decoration: underline;
}

.green-icon {
  color:#c1c443 ;
  font-size: 18px;
  margin-right: 10px;
}

</style> </head> <body> <details> <summary> <i class=""fas fa-angle-double-down green-icon""></i> Plus d'informations </summary> <br> <p>L'<b>unité</b> détermine comment les résultats sont affichés : <ul> 
<li> <b>absolu :</b> Le nombre absolu d'individus gérés 
<li> <b>différence :</b> La différence dans le nombre absolu d'individus gérés d'une année par rapport au nombre absolu d'individus gérés de l'année précédente. Cette valeur est calculée en soustrayant la valeur absolue de l'année de celle de l'année précédente. Cette valeur peut donc être négative. Une valeur positive indique que plus d'individus ont été gérés dans une certaine année par rapport à l'année précédente, une valeur négative indique une diminution du nombre d'individus gérés, tandis qu'un zéro indique le même nombre d'individus gérés. La différence pour la première année de la série temporelle est toujours zéro. 
<li> <b>unité d'effort :</b> Le nombre absolu d'individus gérés divisé par les efforts réalisés. Cela corrige la gestion pour les changements d'effort. L'unité d'effort dépend de la méthode utilisée, mais correspond généralement à 1 piège ou 1 tir par 24 heures. </ul> 
</p> Pour plus d'informations sur l'ajustement des classes, consultez la <a href="""" target=""_blank"">foire aux questions</a> </details> </body> </html>"
management-mapOccurrence_oxyura_jamaicensis_description,"<p>Carte et graphiques associés de la gestion réalisée.</p>
<p>
<li>Sur la carte vous pouvez voir la répartition spatiale de la gestion pendant la période choisie<sup>1</sup>.
<li>Sur le graphique sous la carte vous trouverez la tendance par région (Flandre, Wallonie et/ou Bruxelles)
</p>

<p>Les données peuvent être affichées par <i>Sexe</i> et <i>Protocole d’échantillonnage</i>. 
<br>
<p><sup>1</sup><i>Le curseur de la période se trouve sous le graphique</i>"
management-mapOccurrence_oxyura_jamaicensis_title,Gestion de {{species}}
management-mapOccurrence_title,Gestion de {{species}}
management2-countYearGroup_description,NA
management2-countYearGroup_title,Gestion des nids
management2_active-mapHeat_description,"Cette carte illustre les endroits où des frelons asiatiques ont été signalées, mais où aucun nid n'a encore été géré avec succès. Les observateurs Vespa peuvent mener des enquêtes à ces endroits.
Les observations sont conservées si elles sont situées à plus de 2 km d'un nid géré avec succès et/ou sont rapportées après une action de gestion réussie. Plus le rouge est intense, plus il y a de notifications à proximité les unes des autres.
Les nids manquants peuvent toujours être signalés sur <a href=""https://vespawatch.be"" target = ""_blank"">vespawatch.be</a>.
</br><em>Dates disponibles jusqu'au {{maxDate}}</em>"
management2_active-mapHeat_title,Points chauds actifs
management2_observed-mapHeat_description,"Cette carte montre tous les nids et individus de frelons asiatiques signalés en {{maxYear}} via divers canaux. Tous les rapports ne sont pas encore affichés sur cette carte. Bientôt, toutes les notifications seront visibles. </br><em>Dates disponibles jusqu'au {{maxDate}}</em>"
management2_observed-mapHeat_title,Toutes les observations de l'année actuelle
management3-countYearGroup_description,"<p>Ce graphique montre l'évolution du nombre absolu ou cumulé d'individus gérés.</p> 
<p><i>Le nombre d'individus peut être subdivisé par stade de vie si disponible</i></p>"
management3-countYearGroup_title,Le nombre d'individus de {{species}} gérés
management_title,Gestion
map_title,Carte
marine_title,marine
min_1_obs_title,L'espèce a été observée en Belgique depuis 1950 (données de GBIF)
missingFilters_species_title,Aucune espèce ni région sélectionnée ! => Veuillez sélectionner une espèce et une région
missing_title,manquant
modelType_title,Type de modèle
more_title,Plus
multipleRegions_title,plusieurs régions
nBins_title,Nombre de groupes
name_title,NA
native_continent_title,continent d'origine
native_range_title,aire d'origine
natura2000Only_title,Zones Natura 2000 uniquement
natural_dispersal_title,Dispersion naturelle à travers les frontières d’espèces exotiques envahissantes introduites par les voies 1 à 5
nest_title,Nid
nest_type_title,NA
niet behandeld_title,non traité
niet succesvol_title,non réussi
noData_title,Aucune donné disponible
noParameters_title,Aucun paramètre sélectionné
no_title,non
none_title,<non>
not selected_title,non séléctionné
numberTaxa_title,Nombre de taxons introduits
number_title,Nombre
obs_disclaimer_1311477_description,"Attention: Les données affichées sous <b>Répartition</b> comprennent des observations à la fois de nids et d'individus de <i>Vespa velutina</i>.<br>Pour obtenir des informations sur le nombre de nids signalés, consultez la section <b>Gestion</b>."
obs_disclaimer_1311477_title,NA
observations-mapOccurrence_description,"<p>Carte de la répartition dans les régions sélectionnées depuis 1950.</p>
<ul>
<li><p>Les carrés <b style=""color: #000000;"">noirs</b> indiquent des zones de 10 x 10 km où l’espèce a été observée.<br>
<li>Les carrés <b style=""color: #FF0000;"">rouges</b> rouges marquent des emplacements plus précis de 1 x 1 km à l’intérieur de ces zones où des observations ont été signalées.</p> 
</ul>
<p>Le graphique en barres joint présente une série chronologique montrant le nombre de carrés par an dans chaque région depuis 1950.<br>
Lorsqu’un carré chevauche plusieurs régions, il est compté comme ""plusieurs régions"".</p>"
observations-mapOccurrence_title,Répartition de {{species}}
observations_title,Répartition
occupancy_description,Surface occupée par une espèce
occupancy_title,Répartition
occurColor_title,Observation couleur
occurrence_title,Observation
onbekend_title,inconnu
only_obs_title,"Le portail contient des données sur les observations, les indicateurs et (pour les espèces de la liste de l'Union) les rapports."
order_title,ordre
origin_title,Origine
other_db_title,Autres tableaux de bord
parameters_title,Paramètres
pathway_level1_title,Catégorie de voie d'introduction
pathway_level2_title,Sous-catégorie de voie d'introduction
pathway_title,voies d'introduction
pathways_title,Voies d'introduction
percentCages_title,Pourcentage des cellules occupés (10km<sup>2</sup>) en Flandre
period_title,Période
phylum_title,phylum
protectAreas_title,Zones protégées
provinces_title,provinces
pulli_title,pulli
quantiles_title,NA
radius_title,rayon
regionLevel_title,Région niveau
region_filter_title,Filtre de zone
region_title,Région
regions_title,Régions
release_biological_control_title,Lutte biologique
release_conservation_title,Introduction à des fins de conservation
release_erosion_control_title,"Lutte contre l’érosion / stabilisation de dunes (brise-vent, haies, etc.)"
release_fishery_title,Pêche dans le milieu naturel (y compris la pêche sportive)
release_hunting_title,Chasse dans le milieu naturel
release_landscape_improvement_title,"« Amélioration » du paysage, de la flore et de la faune dans le milieu naturel"
release_other_title,Autre libération intentionnelle
release_title,LIBÉRATION dans la nature
release_unknown_title,Libération (non spécifié)
release_use_title,"Libération dans la nature pour utilisation (à des fins autres que celles stipulées ci-dessus, par exemple production de fourrure, transport, médecine)"
released_title,libéré
reporting_t01-mapOccurrence_description,"Carte avec:
<ul>
  <li><b>uniquement t<sub>0</sub>:</b> Grilles de 10 km x 10 km contenant uniquement des observations de l'espèce entre 2000 et l'année de son inscription sur la <a href=""https://environment.ec.europa.eu/topics/nature-and-biodiversity/invasive-alien-species_en"" target=""_blank"">liste des espèces préoccupantes pour l’Union</a>, sans signalements ultérieurs.</li>
  <li><b>uniquement t<sub>1</sub>:</b> Grilles de 10 km x 10 km où l'espèce est apparue pour la première fois au cours du premier cycle de rapport triennal.</li>
  <li><b>t<sub>0</sub> & t<sub>1</sub>:</b> Grilles de 10 km x 10 km où l'espèce est toujours présente.</li>
</ul>"
reporting_t01-mapOccurrence_title,Rapportage de {{species}}
reporting_t1-mapOccurrence_description,"Carte avec:
<ul>
  <li><b>uniquement t<sub>0</sub>:</b> Grilles de 10 km x 10 km contenant uniquement des observations de l'espèce entre 2000 et l'année de son inscription sur la <a href=""https://environment.ec.europa.eu/topics/nature-and-biodiversity/invasive-alien-species_en"" target=""_blank"">liste des espèces préoccupantes pour l’Union</a>, sans signalements ultérieurs.</li>
  <li><b>uniquement t<sub>1</sub>:</b> Grilles de 10 km x 10 km où l'espèce est apparue pour la première fois au cours du premier cycle de rapport triennal.</li>
  <li><b>t<sub>0</sub> & t<sub>1</sub>:</b> Grilles de 10 km x 10 km où l'espèce est toujours présente.</li>
</ul>"
reporting_t1-mapOccurrence_title,Rapportage de {{species}}
reporting_title,Rapport
reproducing_title,se propageant
right_title,droite
risk-mapRaster_description,"Les espèces exotiques envahissantes peuvent potentiellement endommager les écosystèmes, réduire la biodiversité et causer d’autres problèmes aux humains et à la faune. Afin d'atténuer ces problèmes, des recherches sont nécessaires pour déterminer quels sont les risques potentiels et quelles espèces sont les plus susceptibles de poser problème. L'une des techniques que nous utilisons est la modélisation de la répartition des espèces. Ces modèles visent à estimer la répartition potentielle d'une espèce compte tenu des conditions environnementales connues dans lesquelles elle vit actuellement. Dans de tels modèles, nous pouvons également intégrer des scénarios futurs, afin de pouvoir tenir compte du changement climatique dans notre évaluation des risques. </br>Il est peu probable que ces cartes constituent des prédictions précises de la répartition actuelle ou future des espèces, mais elles constituent néanmoins un guide pour les scientifiques qui effectuent des évaluations des risques. Ils nous aident en indiquant quelles zones pourraient être les plus vulnérables à l’invasion et si le changement climatique est susceptible d’entraîner un plus ou moins grand établissement de l’espèce."
risk-mapRaster_title,TrIAS Cartes des Risques
riskHigh_title,risque élevé
riskLow_title,faible risque
riskMap_title,Carte des risques
risk_assessment_title,Analyse des risques
risk_maps_title,Cartes des risques
row_title,ligne
samplingProtocol_title,Protocole d'échantillonnage
selectedAreas_title,Zone(s) sélectionnée(s)
selected_title,séléctionné
shareLink_title,Partager le lien
showGlobe_title,Afficher la carte
singlePathway_title,Veuillez sélectionner 1 voie d'introduction (niveau 1) pour cette figure
sourceLink_title,Source
source_title,Source
spatialLevel_cell_code10_title,Nombre de mailles de 10 × 10 km occupées
spatialLevel_cell_code1_title,Nombre de mailles de 1 × 1 km occupées
spatialLevel_n_title,Nombre d'observations
spatialLevel_title,NA
species-welcome_description,"<p style=""text-align: center;"">
Sur cette page, vous trouverez des graphiques interactifs et des tendances pour des espèces individuelles, que vous pouvez sélectionner via le menu déroulant ci-dessous. Par défaut, les données sont affichées pour l'ensemble de la Belgique, mais vous pouvez également sélectionner une ou plusieurs régions spécifiques pour une vue plus personnalisée. Notre principale source de données est <a href=""https://www.gbif.org"" target=""_blank"">GBIF.org</a>, complétée par d'autres ensembles de données lorsque cela est pertinent.
</p>"
species-welcome_title,Données d'espèces
species_information_title,Données d'espèces
species_title,Espèce
startYear_title,Année de début
start_title,Démarrage
stowaway_airplane_title,Organismes clandestins dans ou sur les avions
stowaway_ballast_water_title,Eaux de ballast des navires / bateaux
stowaway_container_title,Conteneur / vrac
stowaway_fishing_equipment_title,Matériel de pêche
stowaway_hull_fouling_title,Salissure des coques de navires / bateaux
stowaway_machinery_title,Machines/équipement
stowaway_organic_packing_title,"Matériaux d’emballage organiques, en particulier à base de bois"
stowaway_other_title,Autres moyens de transport
stowaway_people_luggage_title,Personnes et leurs bagages/matériel (tourisme en particulier)
stowaway_ship_title,Organismes clandestins dans les navires/bateaux (hormis les eaux de ballast et la salissure des coques)
stowaway_title,TRANSPORT - clandestin
stowaway_unknown_title,Clandestin (non spécifié)
stowaway_vehicles_title,"Véhicules (voitures, trains, etc.)"
succesvol_title,réussi
sum_title,nombre
summarizeBy_title,résumer par
summary_title,résumé
t0_title,t0
t1_title,t1
tableIndicators_description,"<p>Ce tableau présente un aperçu de toutes les espèces répertoriées sur le portail des espèces exotiques (= toutes les espèces de la <a href=""https://www.gbif.org/dataset/6d9e952f-948c-4483-9807-575348147c7e"" target=""_blank"">liste de contrôle GRIIS de Belgique</a>). Pour chaque espèce, le tableau comprend des informations sur son statut d'invasion en Belgique tel que documenté dans la liste de contrôle GRIIS. Les colonnes sont décrites ci-dessous : </p>

- <b>Espèce</b> affiche le nom scientifique de l'espèce exotique.<br>
- <b>ID taxonomique GBIF (taxonkey)</b> affiche le taxonkey de l'espèce sur <a href=""https://www.gbif.org/news/EQgUzZ4YA75BSeLs1naI9/belgian-built-gbif-alert-system-wins-the-2023-ebbe-nielsen-challenge"" target=""_blank""> GBIF </a> (le Global Biodiversity Information Facility). Pour en savoir plus sur les clés taxonomiques GBIF, consultez <a href=""https://discourse.gbif.org/t/understanding-gbif-taxonomic-keys-usagekey-taxonkey-specieskey/3045"" target=""_blank""> cette page. </a><br>
- <b>Année de dernière observation</b> indique l'année la plus récente où l'espèce a été observée en Belgique. Cela est basé soit sur la dernière année d'observation indiquée dans la liste de contrôle GRIIS, soit (lorsqu'elle est disponible) sur une observation géoréférencée plus récente de l'espèce rapportée sur GBIF.<br>
- <b>Habitat</b> répertorie les types d'habitats dans lesquels l'espèce se trouve typiquement, comme indiqué dans la liste de contrôle GRIIS.<br>
- <b>Source</b> indique la liste de contrôle initiale qui a servi de base pour inclure l'espèce dans la liste de contrôle GRIIS.<br>
- <b>Année de première observation</b> indique la première année où l'espèce a été observée en Belgique (par région), comme documenté dans la liste de contrôle GRIIS.<br>
- <b>Degré d'établissement</b> indique le degré d'établissement de l'espèce en Belgique, tel qu'indiqué dans la liste de contrôle GRIIS. ""NA"" signifie que cette information n'était pas disponible dans la liste de contrôle GRIIS pour l'espèce respective.<br>
- <b>Voies d'introduction</b> affiche les voies d'introduction de l'espèce en Belgique, comme spécifié dans la liste de contrôle GRIIS.<br>
- <b>Plus</b> Indique si des informations supplémentaires sont disponibles sur l'espèce (à l'aide d'icônes) : <br>"
tableIndicators_title,NA
tableLegend_title,Légende du tableau
tableNesten_description,Le nombre de nids signalés sur vespawatch.be par province. </br><em>Dates disponibles jusqu'à {{maxDate}}<em>
tableNesten_title,Nombre de nids par province (tableau)
tableTitle_title,Aperçu du tableau
target6_description,"Nombre de nouvelles espèces envahissantes établies par an en Belgique depuis 1970, calculé à l'aide du package <a href=""https://pypi.org/project/b3alien/"" target=""_blank"">b3alien</a> pour corriger les délais de détection. Cet indicateur est basé sur la liste de contrôle belge du Registre mondial des espèces introduites et envahissantes (<a href=""https://doi.org/10.15468/xoidmd"" target=""_blank"">GRIIS</a>) et n'inclut que les espèces classées comme établies, envahissantes ou largement envahissantes."
target6_title,Target 6 : taux d'établissement des espèces exotiques envahissantes
target6_yLab_description,NA
target6_yLab_title,Nombre d'espèces exotiques envahissantes nouvellement établies
taxa_title,Taxa
terrestrial_title,terrestre
top_title,en haut
topleft_title,En haut à gauche
topright_title,En haut à droite
totalSpecies_title,Nombre total d'espèces
total_title,Total
trend_title,Tendance
unaided_natural_dispersal_title,SANS AIDE (dispersion naturelle)
unaided_title,SANS AIDE
unaided_unknown_title,Sans aide (non spécifié)
undefined_title,NA
uniform_title,NA
unionColor_title,Union couleur
unit_title,unité
unknown_title,Inconnu
unknown_unknown_title,Inconnu (non spécifié)
untreated nest_title,Nid non traité
userDefined_title,NA
vernacular_name_col_title,noms communs
vernacular_name_title,recherche par noms communs
version_title,Version
visualize_pathways_level1_description,"Ce graphique montre le nombre de taxons introduits par catégorie de voie d'introduction <i>(<a href=""https://www.cbd.int/doc/c/9d85/3bc5/d640f059d03acd717602cd76/sbstta-22-inf-09-en.pdf#page=8"" target = ""_blank"">CBD, niveau 1</a>)</i>."
visualize_pathways_level1_title,Nombre de taxons introduits par catégorie de voie d'introduction
visualize_pathways_level2_description,"<p>Ce graphique montre le nombre de taxons introduits par sous-catégorie de voie d'introduction <i>(<a href=""https://www.cbd.int/doc/c/9d85/3bc5/d640f059d03acd717602cd76/sbstta-22-inf-09-en.pdf#page=8"" target = ""_blank"">CBD, niveau 2</a>)</i>.</p>
<p></p>
<p><i><span style=""color: red; font-size: 1.5em; font-weight: bold; animation: pulse 1s infinite;"">!</span> Ce graphique ne peut afficher que les sous-catégories d'une seule catégorie de voie d'introduction. Veuillez sélectionner une catégorie en utilisant le filtre en haut de cette page</i>.</p>"
visualize_pathways_level2_title,Nombre de taxons introduits par sous-catégorie de voie d'introduction
visualize_pathways_year_level1_description,"<p>Ce graphique montre les tendances du nombre de taxons introduits par catégorie de voie d'introduction <i>(<a href=""https://www.cbd.int/doc/c/9d85/3bc5/d640f059d03acd717602cd76/sbstta-22-inf-09-en.pdf#page=8"" target = ""_blank"">CBD, niveau 1</a>)</i>.
<p>Les taxons sont regroupés par décennie en fonction de leur année de première observation, telle que spécifiée dans la <a href= ""https://www.gbif.org/dataset/6d9e952f-948c-4483-9807-575348147c7e"" target=""_blank""> liste de contrôle GRIIS de Belgique</a>.
<p><i><span style=""color: red; font-size: 1.5em; font-weight: bold; animation: pulse 1s infinite;"">!</span> Un même taxon peut être introduit par le biais de plusieurs catégories de voies d'introduction, un taxon peut donc être inclus plus d'une fois dans ce graphique. Cela signifie que la somme du ""nombre de taxons introduits par catégorie de voie d'introduction"" peut être supérieure au ""nombre de taxons""</i>."
visualize_pathways_year_level1_title,Tendances du nombre de taxons introduits par catégorie de voie d'introduction
visualize_pathways_year_level2_description,"<p>Ce graphique montre les tendances du nombre de taxons introduits par sous-catégorie de voie d'introduction <i>(<a href=""https://www.cbd.int/doc/c/9d85/3bc5/d640f059d03acd717602cd76/sbstta-22-inf-09-en.pdf#page=8"" target = ""_blank"">CBD, niveau 2</a>)</i></p>
<p>Les taxons sont regroupés par décennie en fonction de leur année de première observation, telle que spécifiée dans la <a href= ""https://www.gbif.org/dataset/6d9e952f-948c-4483-9807-575348147c7e"" target=""_blank""> liste de contrôle GRIIS de Belgique</a>.</p>
<p><i><span style=""color: red; font-size: 1.5em; font-weight: bold; animation: pulse 1s infinite;"">!</span> Ce graphique ne peut afficher que les sous-catégories d'une seule catégorie de voie d'introduction. Veuillez sélectionner une catégorie en utilisant le filtre en haut de ce graphique</i>.</p>
<p><i><span style=""color: red; font-size: 1.5em; font-weight: bold; animation: pulse 1s infinite;"">!</span> Un même taxon peut être introduit par le biais de plusieurs sous-catégories de voies d'introduction, un taxon peut donc être inclus plus d'une fois dans ce graphique. Cela signifie que la somme du ""nombre de taxons introduits par catégorie de voie d'introduction"" peut être supérieure au ""nombre de taxons""</i>.</p>"
visualize_pathways_year_level2_title,Tendances du nombre de taxons introduits par sous-catégorie de voie d'introduction
wallonia_title,Wallonie
welcomeTitle_description,"Sur cette page, vous trouverez tous les chiffres et tendances concernant les espèces exotiques en Belgique."
welcomeTitle_title,Bienvenue sur la page des espèces exotiques
widespreadInvasive_title,répandue et envahissante
year_title,Année
yes_title,oui
