X,scientificName,taxonKey,rank,taxonomicStatus,kingdom,includes,classKey,gbifKey
5,Abronia fragrans,NA,NA,NA,NA,NA,NA,182135021
8,Acaena magellanica,NA,NA,NA,NA,NA,NA,213215686
9,Acaena microphylla,NA,NA,NA,NA,NA,NA,213215687
10,Acalypha indica,NA,NA,NA,NA,NA,NA,152546431
11,Acalypha rhomboidea,NA,NA,NA,NA,NA,NA,213214730
12,Acanalonia conica,NA,NA,NA,NA,NA,NA,213214253
18,Acer buergerianum,NA,NA,NA,NA,NA,NA,213214236
21,Acer davidii,NA,NA,NA,NA,NA,NA,213214226
23,Acer macrophyllum,NA,NA,NA,NA,NA,NA,213214229
32,Acer tataricum ginnala,NA,NA,NA,NA,NA,NA,152543370
33,Aceria brachytarsus,NA,NA,NA,NA,NA,NA,213214813
34,Aceria erinea,NA,NA,NA,NA,NA,NA,213214812
35,Aceria heteronyx,NA,NA,NA,NA,NA,NA,213214815
36,Aceria ilicis,NA,NA,NA,NA,NA,NA,213214809
37,Aceria tristriata,NA,NA,NA,NA,NA,NA,213214810
38,Acharia stimulea,NA,NA,NA,NA,NA,NA,213213938
39,Achatina achatina,NA,NA,NA,NA,NA,NA,213213472
41,Achillea ageratum,NA,NA,NA,NA,NA,NA,152544041
44,Achillea salicifolia salicifolia,NA,NA,NA,NA,NA,NA,152544039
45,Achillea setacea,NA,NA,NA,NA,NA,NA,152544045
46,Achnatherum bromoides,NA,NA,NA,NA,NA,NA,213212844
51,Acmella,NA,NA,NA,NA,NA,NA,152544419
52,Acmella oleracea,NA,NA,NA,NA,NA,NA,152544421
53,Aconitum cammarum,NA,NA,NA,NA,NA,NA,213214387
54,Aconitum napellus giganteum,NA,NA,NA,NA,NA,NA,152546322
59,Actias selene,NA,NA,NA,NA,NA,NA,213213970
60,Actinidia deliciosa,NA,NA,NA,NA,NA,NA,152545803
61,Adelges abietis,NA,NA,NA,NA,NA,NA,213214036
62,Adelges cooleyi,NA,NA,NA,NA,NA,NA,213214034
63,Adelges laricis,NA,NA,NA,NA,NA,NA,213214035
64,Adenostyles alliariae,NA,NA,NA,NA,NA,NA,152543997
68,Adonis aestivalis aestivalis,NA,NA,NA,NA,NA,NA,213214398
76,Aegilops triuncialis,NA,NA,NA,NA,NA,NA,152546807
77,Aegilops ventricosa,NA,NA,NA,NA,NA,NA,152546806
78,Aegopinella nitens,NA,NA,NA,NA,NA,NA,152543600
79,Aeluropus littoralis,NA,NA,NA,NA,NA,NA,152546909
80,Aeschynomene americana,NA,NA,NA,NA,NA,NA,152545230
81,Aeschynomene indica,NA,NA,NA,NA,NA,NA,152545231
82,Aesculus flava,NA,NA,NA,NA,NA,NA,213214214
84,Aesculus indica,NA,NA,NA,NA,NA,NA,182133821
86,Aesculus pavia,NA,NA,NA,NA,NA,NA,213214218
87,Agama agama,NA,NA,NA,NA,NA,NA,182133795
91,Agapornis roseicollis,NA,NA,NA,NA,NA,NA,159747414
96,Agonoscena succincta,NA,NA,NA,NA,NA,NA,213214212
99,Agropyron cristatum,NA,NA,NA,NA,NA,NA,213213050
100,Agrostemma brachyloba,NA,NA,NA,NA,NA,NA,213214996
102,Agrostis dimorpholemma,NA,NA,NA,NA,NA,NA,213212993
105,Agrostis nebulosa,NA,NA,NA,NA,NA,NA,152547133
107,Aidemosyne modesta,NA,NA,NA,NA,NA,NA,213212759
109,Aira caryophyllea plesiantha,NA,NA,NA,NA,NA,NA,213213067
110,Aira elegans,NA,NA,NA,NA,NA,NA,213213069
116,Alchemilla conjuncta,NA,NA,NA,NA,NA,NA,152544851
119,Alchemilla tytthantha,NA,NA,NA,NA,NA,NA,152544853
120,Aldrovanda vesiculosa,NA,NA,NA,NA,NA,NA,182135018
121,Alectoris barbara,NA,NA,NA,NA,NA,NA,213212630
125,Aleurodothrips fasciapennis,NA,NA,NA,NA,NA,NA,152544422
126,Aleurotuba jelinekii,NA,NA,NA,NA,NA,NA,213214222
127,Alisterus scapularis,NA,NA,NA,NA,NA,NA,213212897
128,Alkekengi officinarum,NA,NA,NA,NA,NA,NA,213213485
129,Alkekengi officinarum franchetii,NA,NA,NA,NA,NA,NA,213213487
134,Allium fistulosum,NA,NA,NA,NA,NA,NA,152546644
141,Allium paradoxum,NA,NA,NA,NA,NA,NA,213212550
145,Allium sativum,NA,NA,NA,NA,NA,NA,213212546
148,Allium siculum,NA,NA,NA,NA,NA,NA,213212551
151,Allopeas clavulinum,NA,NA,NA,NA,NA,NA,157092291
157,Alopecurus magellanicus,NA,NA,NA,NA,NA,NA,152547160
159,Alternanthera angustifolia,NA,NA,NA,NA,NA,NA,152545993
160,Alternanthera caracasana,NA,NA,NA,NA,NA,NA,152545997
161,Alternanthera denticulata,NA,NA,NA,NA,NA,NA,182135060
162,Alternanthera ficoidea,NA,NA,NA,NA,NA,NA,213214959
163,Alternanthera paronychioides,NA,NA,NA,NA,NA,NA,152545994
164,Alternanthera pungens,NA,NA,NA,NA,NA,NA,152545996
166,Althaea cannabina,NA,NA,NA,NA,NA,NA,213215332
167,Althaea hirsuta,NA,NA,NA,NA,NA,NA,213215333
168,Alyssum hirsutum,NA,NA,NA,NA,NA,NA,152545431
171,Alyssum strigosum,NA,NA,NA,NA,NA,NA,152545427
172,Alyssum turkestanicum,NA,NA,NA,NA,NA,NA,213214614
174,Amandava subflava,NA,NA,NA,NA,NA,NA,159747309
175,Amanita inopinata,NA,NA,NA,NA,NA,NA,213212319
180,Amaranthus capensis capensis,NA,NA,NA,NA,NA,NA,152545940
181,Amaranthus capensis uncinatus,NA,NA,NA,NA,NA,NA,152545945
183,Amaranthus clementii,NA,NA,NA,NA,NA,NA,152545946
187,Amaranthus emarginatus emarginatus,NA,NA,NA,NA,NA,NA,213214941
191,Amaranthus macrocarpus macrocarpus,NA,NA,NA,NA,NA,NA,152545937
192,Amaranthus macrocarpus pallidus,NA,NA,NA,NA,NA,NA,213214939
194,Amaranthus muricatus,NA,NA,NA,NA,NA,NA,152545956
195,Amaranthus ozanonii,NA,NA,NA,NA,NA,NA,152545933
197,Amaranthus polygonoides,NA,NA,NA,NA,NA,NA,152545957
198,Amaranthus powellii,NA,NA,NA,NA,NA,NA,213214940
200,Amaranthus ralletii,NA,NA,NA,NA,NA,NA,182135052
202,Amaranthus scleropoides,NA,NA,NA,NA,NA,NA,152545949
209,Amaurobius erberi,NA,NA,NA,NA,NA,NA,213214681
213,Amberboa moschata,NA,NA,NA,NA,NA,NA,152544016
215,Amblonyx cinereus,NA,NA,NA,NA,NA,NA,213212318
220,Ambystoma tigrinum,NA,NA,NA,NA,NA,NA,213213247
223,Amelanchier humilis,NA,NA,NA,NA,NA,NA,213215699
224,Amelanchier lamarckii,NA,NA,NA,NA,NA,NA,152544815
227,Amethystea caerulea,NA,NA,NA,NA,NA,NA,152545725
230,Ammobium alatum,NA,NA,NA,NA,NA,NA,213215055
231,Ammothea hilgendorfi,NA,NA,NA,NA,NA,NA,159747985
233,Ampelopsis glandulosa,NA,NA,NA,NA,NA,NA,213213596
235,Amphiareus obscuriceps,NA,NA,NA,NA,NA,NA,213214246
236,Amphibalanus amphitrite,NA,NA,NA,NA,NA,NA,152544017
238,Amphibalanus reticulatus,NA,NA,NA,NA,NA,NA,152544011
239,Amphibalanus variegatus,NA,NA,NA,NA,NA,NA,159748086
240,Amphibromus recurvatus,NA,NA,NA,NA,NA,NA,152547162
241,Amphitomeus attemsi,NA,NA,NA,NA,NA,NA,213214601
242,Amsinckia eastwoodiae,NA,NA,NA,NA,NA,NA,152545535
246,Amsinckia menziesii intermedia,NA,NA,NA,NA,NA,NA,213214087
247,Amsinckia tessellata,NA,NA,NA,NA,NA,NA,152545536
254,Anarrhinum bellidifolium,NA,NA,NA,NA,NA,NA,152545635
264,Anas gibberifrons,NA,NA,NA,NA,NA,NA,159747024
266,Anas laysanensis,NA,NA,NA,NA,NA,NA,159747018
275,Anas zonorhyncha,NA,NA,NA,NA,NA,NA,213212687
278,Anchusa ochroleuca,NA,NA,NA,NA,NA,NA,152545494
280,Anchusa officinalis officinalis,NA,NA,NA,NA,NA,NA,152545493
281,Anchusa procera,NA,NA,NA,NA,NA,NA,152545492
282,Anchusa thessala,NA,NA,NA,NA,NA,NA,213214145
283,Andrachne telephioides,NA,NA,NA,NA,NA,NA,152546459
284,Andricus aries,NA,NA,NA,NA,NA,NA,213213896
285,Andricus corruptrix,NA,NA,NA,NA,NA,NA,213213894
286,Andricus gemmeus,NA,NA,NA,NA,NA,NA,213213890
287,Andricus grossulariae,NA,NA,NA,NA,NA,NA,213213891
288,Andricus kollari,NA,NA,NA,NA,NA,NA,213213897
289,Andricus lignicolus,NA,NA,NA,NA,NA,NA,213213893
290,Andricus quercuscalicis,NA,NA,NA,NA,NA,NA,213213895
293,Anemonastrum canadense,NA,NA,NA,NA,NA,NA,213214404
299,Anethum ridolfia,NA,NA,NA,NA,NA,NA,213215292
301,Anguillicola crassus,NA,NA,NA,NA,NA,NA,213213694
304,Anolis,NA,NA,NA,NA,NA,NA,182133725
305,Anolis sagrei,NA,NA,NA,NA,NA,NA,182133728
307,Anoplophora chinensis,NA,NA,NA,NA,NA,NA,152544536
309,Anser caerulescens,NA,NA,NA,NA,NA,NA,213212665
310,Anser canagicus,NA,NA,NA,NA,NA,NA,213212663
313,Anser rossii,NA,NA,NA,NA,NA,NA,213212662
314,Antaresia childreni,NA,NA,NA,NA,NA,NA,182133789
316,Anthophila nemorana,NA,NA,NA,NA,NA,NA,213214005
317,Anthosachne scabra,NA,NA,NA,NA,NA,NA,159747527
320,Anthrenocerus australis,NA,NA,NA,NA,NA,NA,213214316
321,Anthrenus angustefasciatus,NA,NA,NA,NA,NA,NA,213214319
323,Anthropoides paradiseus,NA,NA,NA,NA,NA,NA,159747497
326,Anthyllis vulneraria carpatica,NA,NA,NA,NA,NA,NA,152545106
327,Anthyllis vulneraria polyphylla,NA,NA,NA,NA,NA,NA,152545105
328,Antigone vipio,NA,NA,NA,NA,NA,NA,213213020
329,Antirrhinum graniticum,NA,NA,NA,NA,NA,NA,152545687
331,Apalone,NA,NA,NA,NA,NA,NA,182133882
332,Apalone ferox,NA,NA,NA,NA,NA,NA,182133884
335,Aphanomyces astaci,NA,NA,NA,NA,NA,NA,152543102
336,Aphelonyx cerricola,NA,NA,NA,NA,NA,NA,213213886
338,Apodiphus amygdali,NA,NA,NA,NA,NA,NA,213214179
343,Ara macao,NA,NA,NA,NA,NA,NA,159747363
344,Ara severus,NA,NA,NA,NA,NA,NA,213212899
346,Arabidopsis arenosa arenosa,NA,NA,NA,NA,NA,NA,152545448
348,Arabis alpina,NA,NA,NA,NA,NA,NA,213214472
349,Arabis auriculata,NA,NA,NA,NA,NA,NA,152545334
355,Aralia cordata,NA,NA,NA,NA,NA,NA,152544478
357,Aralia racemosa,NA,NA,NA,NA,NA,NA,152544480
360,Arenaria montana,NA,NA,NA,NA,NA,NA,213214988
363,Argyresthia thuiella,NA,NA,NA,NA,NA,NA,213214021
365,Arisaema dracontium,NA,NA,NA,NA,NA,NA,213212620
367,Aristida congesta,NA,NA,NA,NA,NA,NA,152547114
368,Aristida hordeacea,NA,NA,NA,NA,NA,NA,152547113
369,Aristida longespica,NA,NA,NA,NA,NA,NA,152547112
371,Aristolochia rotunda,NA,NA,NA,NA,NA,NA,152546215
372,Armeria alliacea,NA,NA,NA,NA,NA,NA,213214926
374,Armeria humilis humilis,NA,NA,NA,NA,NA,NA,213214924
376,Armeria maritima elongata,NA,NA,NA,NA,NA,NA,152545891
378,Arnebia decumbens,NA,NA,NA,NA,NA,NA,152545490
379,Arocatus longiceps,NA,NA,NA,NA,NA,NA,213214228
381,Aronia prunifolia,NA,NA,NA,NA,NA,NA,213215666
384,Artemisia afra,NA,NA,NA,NA,NA,NA,159748820
385,Artemisia alba,NA,NA,NA,NA,NA,NA,213215089
387,Artemisia austriaca,NA,NA,NA,NA,NA,NA,152544026
389,Artemisia crithmifolia,NA,NA,NA,NA,NA,NA,213215090
391,Artemisia gmelinii,NA,NA,NA,NA,NA,NA,213215088
393,Artemisia mongolica,NA,NA,NA,NA,NA,NA,213215086
396,Artemisia rubripes,NA,NA,NA,NA,NA,NA,213215085
399,Artemisia tournefortiana,NA,NA,NA,NA,NA,NA,213215087
400,Artemisia verlotiorum,NA,NA,NA,NA,NA,NA,213215091
407,Asclepias speciosa,NA,NA,NA,NA,NA,NA,213215253
409,Asparagus aethiopicus,NA,NA,NA,NA,NA,NA,213212517
417,Aster alpinus,NA,NA,NA,NA,NA,NA,213215160
419,Aster indamellus,NA,NA,NA,NA,NA,NA,213215159
421,Astragalus boeticus,NA,NA,NA,NA,NA,NA,152545133
423,Astragalus cymbicarpos,NA,NA,NA,NA,NA,NA,152545134
424,Astragalus hamosus,NA,NA,NA,NA,NA,NA,152545137
425,Astragalus onobrychis,NA,NA,NA,NA,NA,NA,152545138
426,Astragalus oxyglottis,NA,NA,NA,NA,NA,NA,152545131
427,Astragalus stella,NA,NA,NA,NA,NA,NA,152545132
429,Athanasia trifurcata,NA,NA,NA,NA,NA,NA,152544191
430,Atriplex eardleyae,NA,NA,NA,NA,NA,NA,213214957
432,Atriplex holocarpa,NA,NA,NA,NA,NA,NA,152545972
434,Atriplex leptocarpa,NA,NA,NA,NA,NA,NA,152545962
436,Atriplex muelleri,NA,NA,NA,NA,NA,NA,152545974
437,Atriplex oblongifolia,NA,NA,NA,NA,NA,NA,152545964
438,Atriplex pseudocampanulata,NA,NA,NA,NA,NA,NA,213214956
441,Atriplex semibaccata,NA,NA,NA,NA,NA,NA,152545967
442,Atriplex sibirica,NA,NA,NA,NA,NA,NA,152545970
443,Atriplex suberecta,NA,NA,NA,NA,NA,NA,152545973
445,Attacus atlas,NA,NA,NA,NA,NA,NA,213213973
447,Atypophthalmus umbratus,NA,NA,NA,NA,NA,NA,213214455
451,Aulacaspis rosae,NA,NA,NA,NA,NA,NA,213214092
452,Aurantothrips orchidaceus,NA,NA,NA,NA,NA,NA,152544436
454,Austrodanthonia racemosa,NA,NA,NA,NA,NA,NA,213212701
456,Austrostipa nitida,NA,NA,NA,NA,NA,NA,152546945
457,Austrostipa scabra falcata,NA,NA,NA,NA,NA,NA,152546944
458,Austrostipa scabra scabra,NA,NA,NA,NA,NA,NA,152546942
459,Austrostipa verticillata,NA,NA,NA,NA,NA,NA,152546943
460,Avellinia festucoides,NA,NA,NA,NA,NA,NA,213212695
462,Avena brevis,NA,NA,NA,NA,NA,NA,152547043
463,Avena marquandii,NA,NA,NA,NA,NA,NA,152547041
468,Avena sterilis ludoviciana,NA,NA,NA,NA,NA,NA,213212823
469,Avena sterilis sterilis,NA,NA,NA,NA,NA,NA,152547042
475,Badonnelia titei,NA,NA,NA,NA,NA,NA,152544578
477,Balanus trigonus,NA,NA,NA,NA,NA,NA,159748091
479,Ballerus ballerus,NA,NA,NA,NA,NA,NA,152543535
481,Ballota nigra nigra,NA,NA,NA,NA,NA,NA,152545696
482,Baptisia australis,NA,NA,NA,NA,NA,NA,213213847
485,Barbronia weberi,NA,NA,NA,NA,NA,NA,213213317
486,Barentsia ramosa,NA,NA,NA,NA,NA,NA,159746857
487,Barnardius zonarius,NA,NA,NA,NA,NA,NA,213212937
488,Basiliscus plumifrons,NA,NA,NA,NA,NA,NA,182133704
491,Bassia scoparia,NA,NA,NA,NA,NA,NA,213214952
492,Bathilda ruficauda,NA,NA,NA,NA,NA,NA,213212760
493,Batocera lineolata,NA,NA,NA,NA,NA,NA,213214313
494,Batrachochytrium dendrobatidis,NA,NA,NA,NA,NA,NA,152543209
495,Batrachochytrium salamandrivorans,NA,NA,NA,NA,NA,NA,152543207
497,Begonia semperflorens,NA,NA,NA,NA,NA,NA,213215616
498,Bellardia trixago,NA,NA,NA,NA,NA,NA,213215427
499,Bellardia viscosa,NA,NA,NA,NA,NA,NA,213215428
500,Belonochilus numenius,NA,NA,NA,NA,NA,NA,213214225
501,Berberis aquifolium,NA,NA,NA,NA,NA,NA,213214364
504,Berberis hybridogagnepainii,NA,NA,NA,NA,NA,NA,152546370
505,Berberis interposita,NA,NA,NA,NA,NA,NA,152546373
507,Berberis ottawensis,NA,NA,NA,NA,NA,NA,152546377
511,Bergenia schmidtii,NA,NA,NA,NA,NA,NA,152544677
514,Beta trigyna,NA,NA,NA,NA,NA,NA,152545925
516,Beta vulgaris vulgaris,NA,NA,NA,NA,NA,NA,152545923
527,Bidens triplinervia macrantha,NA,NA,NA,NA,NA,NA,152543683
530,Bifora testiculata,NA,NA,NA,NA,NA,NA,213215304
531,Bipalium kewense,NA,NA,NA,NA,NA,NA,152543192
532,Biserrula pelecinus,NA,NA,NA,NA,NA,NA,182134356
533,Bispira polyomma,NA,NA,NA,NA,NA,NA,213213267
536,Blanus,NA,NA,NA,NA,NA,NA,213212412
537,Blaptica dubia,NA,NA,NA,NA,NA,NA,213214388
538,Blastobasis adustella,NA,NA,NA,NA,NA,NA,213214017
539,Blastobasis lacticolella,NA,NA,NA,NA,NA,NA,213214015
540,Blatta orientalis,NA,NA,NA,NA,NA,NA,213214383
541,Blattella germanica,NA,NA,NA,NA,NA,NA,213214401
545,Blumenbachia hieronymi,NA,NA,NA,NA,NA,NA,152544931
546,Boa,NA,NA,NA,NA,NA,NA,182133832
547,Boa constrictor,NA,NA,NA,NA,NA,NA,182133833
548,Boaedon,NA,NA,NA,NA,NA,NA,182133766
549,Boccardia proboscidea,NA,NA,NA,NA,NA,NA,159747758
550,Boccardiella hamata,NA,NA,NA,NA,NA,NA,159747756
551,Boccardiella ligerica,NA,NA,NA,NA,NA,NA,182133960
554,Bolboschoenus planiculmis,NA,NA,NA,NA,NA,NA,213213183
557,Bombycilla japonica,NA,NA,NA,NA,NA,NA,159747235
558,Bonamia ostreae,NA,NA,NA,NA,NA,NA,159747067
561,Bothriochloa decipiens,NA,NA,NA,NA,NA,NA,152546982
563,Bothriochloa macra,NA,NA,NA,NA,NA,NA,152546981
565,Botrylloides diegensis,NA,NA,NA,NA,NA,NA,213212366
570,Brachyscome iberidifolia,NA,NA,NA,NA,NA,NA,213215078
571,Branchiodrilus hortensis,NA,NA,NA,NA,NA,NA,152543686
578,Brassica elongata integrifolia,NA,NA,NA,NA,NA,NA,152545393
584,Bratislavia dadayi,NA,NA,NA,NA,NA,NA,152543667
587,Bromus alopecuros,NA,NA,NA,NA,NA,NA,152546952
588,Bromus arenarius,NA,NA,NA,NA,NA,NA,152546951
589,Bromus brevis,NA,NA,NA,NA,NA,NA,152546959
590,Bromus briziformis,NA,NA,NA,NA,NA,NA,152546957
591,Bromus carinatus,NA,NA,NA,NA,NA,NA,213213003
593,Bromus danthoniae,NA,NA,NA,NA,NA,NA,152546955
595,Bromus ferronii,NA,NA,NA,NA,NA,NA,213213005
597,Bromus hordeaceus divaricatus,NA,NA,NA,NA,NA,NA,213213012
598,Bromus hordeaceus longipedicellatus,NA,NA,NA,NA,NA,NA,152546949
601,Bromus japonicus japonicus,NA,NA,NA,NA,NA,NA,213213019
605,Bromus marginatus,NA,NA,NA,NA,NA,NA,152546958
606,Bromus pectinatus,NA,NA,NA,NA,NA,NA,152546950
607,Bromus polyanthus,NA,NA,NA,NA,NA,NA,182133530
608,Bromus rigidus,NA,NA,NA,NA,NA,NA,213213008
610,Bromus scoparius,NA,NA,NA,NA,NA,NA,152546964
616,Bucculatrix ainsliella,NA,NA,NA,NA,NA,NA,213214029
617,Bucculatrix chrysanthemella,NA,NA,NA,NA,NA,NA,213214028
619,Bucephala islandica,NA,NA,NA,NA,NA,NA,213212733
620,Buchananiella continua,NA,NA,NA,NA,NA,NA,213214243
622,Buddleja albiflora,NA,NA,NA,NA,NA,NA,152545611
625,Bugula neritina,NA,NA,NA,NA,NA,NA,159748463
626,Bugulina simplex,NA,NA,NA,NA,NA,NA,159748461
627,Bugulina stolonifera,NA,NA,NA,NA,NA,NA,159748459
631,Bupleurum fruticosum,NA,NA,NA,NA,NA,NA,152544622
632,Bupleurum gerardi,NA,NA,NA,NA,NA,NA,152544614
633,Bupleurum odontites,NA,NA,NA,NA,NA,NA,152544624
639,Cacopsylla fulguralis,NA,NA,NA,NA,NA,NA,213214175
641,Cadra cautella,NA,NA,NA,NA,NA,NA,213213915
642,Cadra figulilella,NA,NA,NA,NA,NA,NA,213213914
644,Caenoplana variegata,NA,NA,NA,NA,NA,NA,213213352
645,Caiman crocodilus,NA,NA,NA,NA,NA,NA,182133699
646,Cairina moschata,NA,NA,NA,NA,NA,NA,159747040
647,Calandrinia ciliata,NA,NA,NA,NA,NA,NA,159749078
648,Calandrinia pilosiuscula,NA,NA,NA,NA,NA,NA,213214856
649,Calceolaria chelidonioides,NA,NA,NA,NA,NA,NA,152545568
652,Calibrachoa parviflora,NA,NA,NA,NA,NA,NA,213213526
658,Callobius nomeus,NA,NA,NA,NA,NA,NA,152544246
661,Callopistromyia annulipes,NA,NA,NA,NA,NA,NA,213214435
663,Callosciurus finlaysonii,NA,NA,NA,NA,NA,NA,213212296
665,Calluna vulgaris,NA,NA,NA,NA,NA,NA,213215601
666,Calocephalus brownii,NA,NA,NA,NA,NA,NA,213215080
667,Calotes,NA,NA,NA,NA,NA,NA,182133806
670,Calotis lappulacea,NA,NA,NA,NA,NA,NA,152544338
672,Calystegia silvatica silvatica,NA,NA,NA,NA,NA,NA,213213583
673,Camassia leichtlinii,NA,NA,NA,NA,NA,NA,213212521
674,Camassia leichtlinii suksdorfii,NA,NA,NA,NA,NA,NA,152546703
684,Campanula garganica,NA,NA,NA,NA,NA,NA,213215025
690,Campanula pyramidalis,NA,NA,NA,NA,NA,NA,213215026
693,Campsis grandiflora,NA,NA,NA,NA,NA,NA,213215567
694,Campsis radicans,NA,NA,NA,NA,NA,NA,213215566
696,Canis lupus familiaris,NA,NA,NA,NA,NA,NA,213212335
698,Canna hybrida,NA,NA,NA,NA,NA,NA,213212668
699,Canna indica,NA,NA,NA,NA,NA,NA,213212670
701,Capitites ramulosa,NA,NA,NA,NA,NA,NA,213214414
702,Caprella equilibra,NA,NA,NA,NA,NA,NA,213214495
705,Carabus rutilans,NA,NA,NA,NA,NA,NA,213214375
706,Caracara plancus,NA,NA,NA,NA,NA,NA,213212582
707,Caracara plancus cheriway,NA,NA,NA,NA,NA,NA,213212580
708,Caragana arborescens,NA,NA,NA,NA,NA,NA,213213889
709,Caragana halodendron,NA,NA,NA,NA,NA,NA,182134288
712,Carausius morosus,NA,NA,NA,NA,NA,NA,213213785
718,Cardiospermum grandiflorum,NA,NA,NA,NA,NA,NA,152543351
723,Carduus nutans leiophyllus,NA,NA,NA,NA,NA,NA,152544195
725,Carduus theriotii,NA,NA,NA,NA,NA,NA,213215030
727,Carex agastachys,NA,NA,NA,NA,NA,NA,162644337
729,Carex crus-corvi,NA,NA,NA,NA,NA,NA,152546761
730,Carex curvata,NA,NA,NA,NA,NA,NA,213213177
736,Carex muricata muricata,NA,NA,NA,NA,NA,NA,152546762
738,Carex plantaginea,NA,NA,NA,NA,NA,NA,213213178
742,Cariblatta lutea,NA,NA,NA,NA,NA,NA,213214395
746,Carpophilus obsoletus,NA,NA,NA,NA,NA,NA,152544541
747,Carrichtera annua,NA,NA,NA,NA,NA,NA,152545372
751,Caryopteris incana x mongholica,NA,NA,NA,NA,NA,NA,213215451
755,Catalpa erubescens,NA,NA,NA,NA,NA,NA,152545590
759,Cavia porcellus,NA,NA,NA,NA,NA,NA,213212262
761,Ceanothus delilianus,NA,NA,NA,NA,NA,NA,152544759
762,Cedrus atlantica,NA,NA,NA,NA,NA,NA,213213321
763,Cedrus deodara,NA,NA,NA,NA,NA,NA,213213323
766,Celtis australis,NA,NA,NA,NA,NA,NA,213215654
770,Cenchrus longisetus,NA,NA,NA,NA,NA,NA,213212860
772,Cenchrus petiolaris,NA,NA,NA,NA,NA,NA,213212858
773,Cenchrus spinifex,NA,NA,NA,NA,NA,NA,213212856
774,Centaurea adami,NA,NA,NA,NA,NA,NA,213215181
777,Centaurea calocephala,NA,NA,NA,NA,NA,NA,152543963
778,Centaurea depressa,NA,NA,NA,NA,NA,NA,213215182
781,Centaurea diluta algeriensis,NA,NA,NA,NA,NA,NA,213215184
782,Centaurea glaberrima,NA,NA,NA,NA,NA,NA,152543969
784,Centaurea jacea x nigrescens,NA,NA,NA,NA,NA,NA,159748902
787,Centaurea napifolia,NA,NA,NA,NA,NA,NA,213215185
788,Centaurea nemenyiana,NA,NA,NA,NA,NA,NA,152543957
789,Centaurea nigra,NA,NA,NA,NA,NA,NA,213215186
791,Centaurea orientalis,NA,NA,NA,NA,NA,NA,152543970
795,Centaurea psammogena,NA,NA,NA,NA,NA,NA,213215183
797,Centaurea solstitialis solstitialis,NA,NA,NA,NA,NA,NA,152543956
800,Centranthus calcitrapae,NA,NA,NA,NA,NA,NA,213215395
802,Centrochelys sulcata,NA,NA,NA,NA,NA,NA,182133869
804,Cephalaria alpina,NA,NA,NA,NA,NA,NA,213215401
808,Cerastium dichotomum,NA,NA,NA,NA,NA,NA,152546087
809,Cerastium maureri,NA,NA,NA,NA,NA,NA,213214983
811,Ceratitis capitata,NA,NA,NA,NA,NA,NA,213214423
812,Ceratomegilla notata,NA,NA,NA,NA,NA,NA,213214361
813,Ceratostigma plumbaginoides,NA,NA,NA,NA,NA,NA,213214920
814,Cerbalus,NA,NA,NA,NA,NA,NA,152544085
820,Cerinthe minor,NA,NA,NA,NA,NA,NA,152545516
821,Cerithium vulgatum,NA,NA,NA,NA,NA,NA,213213425
823,Cernuella cisalpina,NA,NA,NA,NA,NA,NA,152543651
825,Cernuella virgata,NA,NA,NA,NA,NA,NA,213213533
826,Cerobasis annulata,NA,NA,NA,NA,NA,NA,152544620
828,Ceryle rudis,NA,NA,NA,NA,NA,NA,159747442
830,Chaenomeles speciosa,NA,NA,NA,NA,NA,NA,213215681
831,Chaenorhinum origanifolium,NA,NA,NA,NA,NA,NA,213215553
832,Chaenorhinum origanifolium origanifolium,NA,NA,NA,NA,NA,NA,213215552
837,Chaetanaphothrips orchidii,NA,NA,NA,NA,NA,NA,152544453
838,Chaetogammarus trichiatus,NA,NA,NA,NA,NA,NA,213214511
839,Chaetopelma olivaceum,NA,NA,NA,NA,NA,NA,152544188
840,Chalcides ocellatus,NA,NA,NA,NA,NA,NA,182133715
841,Chalcophaps indica,NA,NA,NA,NA,NA,NA,213213055
843,Chamaecytisus elongatus,NA,NA,NA,NA,NA,NA,213213877
847,Chamaenerion dodonaei,NA,NA,NA,NA,NA,NA,213213417
848,Chara braunii,NA,NA,NA,NA,NA,NA,182132946
849,Charadrius pecuarius,NA,NA,NA,NA,NA,NA,213212951
850,Charonia lampas,NA,NA,NA,NA,NA,NA,213213564
851,Chasmanthium latifolium,NA,NA,NA,NA,NA,NA,152547018
852,Cheilanthes viridis macrophylla,NA,NA,NA,NA,NA,NA,213213226
853,Cheiracanthium furculatum,NA,NA,NA,NA,NA,NA,152544131
854,Cheiracanthium mildei,NA,NA,NA,NA,NA,NA,213214777
862,Chenopodiastrum simplex,NA,NA,NA,NA,NA,NA,152545896
863,Chenopodium album missouriense,NA,NA,NA,NA,NA,NA,213214932
864,Chenopodium auricomiforme,NA,NA,NA,NA,NA,NA,152545981
866,Chenopodium berlandieri bushianum,NA,NA,NA,NA,NA,NA,213214934
867,Chenopodium borbasioides,NA,NA,NA,NA,NA,NA,152545979
870,Chenopodium opulifolium,NA,NA,NA,NA,NA,NA,152545984
871,Chenopodium pelgrimsianum,NA,NA,NA,NA,NA,NA,213214935
872,Chenopodium polygonoides,NA,NA,NA,NA,NA,NA,159749099
873,Chenopodium pratericola,NA,NA,NA,NA,NA,NA,152545985
874,Chenopodium probstii,NA,NA,NA,NA,NA,NA,213214933
876,Chenopodium reynieri,NA,NA,NA,NA,NA,NA,152545982
877,Chenopodium striatiforme,NA,NA,NA,NA,NA,NA,152545980
878,Chenopodium suecicum,NA,NA,NA,NA,NA,NA,152545987
885,Chloris spinoides,NA,NA,NA,NA,NA,NA,159747203
889,Chlorophorus annularis,NA,NA,NA,NA,NA,NA,213214293
891,Choisya ternata,NA,NA,NA,NA,NA,NA,213214273
896,Chrysemys picta bellii,NA,NA,NA,NA,NA,NA,213213141
901,Chrysopelea ornata,NA,NA,NA,NA,NA,NA,182133741
902,Cicada barbara,NA,NA,NA,NA,NA,NA,213214143
903,Cicada orni,NA,NA,NA,NA,NA,NA,213214144
905,Cichorium calvum,NA,NA,NA,NA,NA,NA,213215057
906,Cichorium calvum,NA,NA,NA,NA,NA,NA,182134906
909,Ciconia abdimii,NA,NA,NA,NA,NA,NA,213212570
910,Cipangopaludina chinensis,NA,NA,NA,NA,NA,NA,156872873
913,Cirsium subalpinum,NA,NA,NA,NA,NA,NA,152544166
916,Citrus aurantium,NA,NA,NA,NA,NA,NA,152543324
919,Cladrastis kentukea,NA,NA,NA,NA,NA,NA,213213797
922,Clarkia bottae,NA,NA,NA,NA,NA,NA,152543416
923,Clarkia pulchella,NA,NA,NA,NA,NA,NA,152543423
924,Clarkia purpurea quadrivulnera,NA,NA,NA,NA,NA,NA,152543418
925,Clarkia unguiculata,NA,NA,NA,NA,NA,NA,213213423
926,Claytonia perfoliata,NA,NA,NA,NA,NA,NA,213214852
929,Clematis integrifolia,NA,NA,NA,NA,NA,NA,152546347
930,Clematis jackmanii,NA,NA,NA,NA,NA,NA,152546350
935,Clepsis peritana,NA,NA,NA,NA,NA,NA,213213953
939,Clinopodium grandiflorum,NA,NA,NA,NA,NA,NA,213215446
942,Clinopodium nepeta nepeta,NA,NA,NA,NA,NA,NA,152545727
943,Clinopodium nepeta spruneri,NA,NA,NA,NA,NA,NA,213215444
944,Closterotomus trivialis,NA,NA,NA,NA,NA,NA,213214121
946,Coccus hesperidum,NA,NA,NA,NA,NA,NA,213214157
949,Cochlostoma septemspirale,NA,NA,NA,NA,NA,NA,213213418
952,Colchicum lusitanum,NA,NA,NA,NA,NA,NA,213212416
954,Coleostephus myconis,NA,NA,NA,NA,NA,NA,213215103
957,Colobanthus subulatus,NA,NA,NA,NA,NA,NA,213214992
958,Colomerus vitis,NA,NA,NA,NA,NA,NA,213214818
959,Colpodium pisidicum,NA,NA,NA,NA,NA,NA,213213080
961,Columbella rustica,NA,NA,NA,NA,NA,NA,213213431
962,Columbina passerina,NA,NA,NA,NA,NA,NA,213213068
964,Colutea media,NA,NA,NA,NA,NA,NA,152545188
965,Colutea orientalis,NA,NA,NA,NA,NA,NA,213213871
968,Commelina diffusa,NA,NA,NA,NA,NA,NA,152546723
969,Commelina obliqua,NA,NA,NA,NA,NA,NA,152546724
970,Commelina tuberosa,NA,NA,NA,NA,NA,NA,213212581
971,Conringia austriaca,NA,NA,NA,NA,NA,NA,152545410
976,Convolvulus tricolor cupanianus,NA,NA,NA,NA,NA,NA,152545002
977,Convolvulus tricolor tricolor,NA,NA,NA,NA,NA,NA,152545003
978,Coracias abyssinicus,NA,NA,NA,NA,NA,NA,159747449
979,Coracias cyanogaster,NA,NA,NA,NA,NA,NA,213213025
981,Corbicula fluminea,NA,NA,NA,NA,NA,NA,152543778
982,Cordioniscus stebbingi,NA,NA,NA,NA,NA,NA,152543904
983,Cordylocarpus muricatus,NA,NA,NA,NA,NA,NA,152545404
984,Cordylophora caspia,NA,NA,NA,NA,NA,NA,159747961
985,Coregonus lavaretus,NA,NA,NA,NA,NA,NA,152543512
986,Coregonus nasus,NA,NA,NA,NA,NA,NA,152543510
987,Coregonus peled,NA,NA,NA,NA,NA,NA,152543513
993,Corispermum tylocarpum,NA,NA,NA,NA,NA,NA,213214949
994,Cormus domestica,NA,NA,NA,NA,NA,NA,213215701
995,Cornus canadensis,NA,NA,NA,NA,NA,NA,213214664
998,Cornus sanguinea australis,NA,NA,NA,NA,NA,NA,152544935
999,Cornus sanguinea hungarica,NA,NA,NA,NA,NA,NA,152544934
1002,Coronilla securidaca,NA,NA,NA,NA,NA,NA,213213860
1003,Coronilla varia,NA,NA,NA,NA,NA,NA,213213861
1013,Corynabutilon suntense,NA,NA,NA,NA,NA,NA,152546234
1014,Corythucha ciliata,NA,NA,NA,NA,NA,NA,213214165
1015,Coscinodiscus wailesii,NA,NA,NA,NA,NA,NA,159746847
1022,Cotoneaster acutifolius,NA,NA,NA,NA,NA,NA,213215660
1023,Cotoneaster adpressus,NA,NA,NA,NA,NA,NA,213215659
1026,Cotoneaster beimashanensis,NA,NA,NA,NA,NA,NA,213215657
1029,Cotoneaster coriaceus,NA,NA,NA,NA,NA,NA,213215658
1035,Cotoneaster fruticosus,NA,NA,NA,NA,NA,NA,213215661
1036,Cotoneaster ganghobaensis,NA,NA,NA,NA,NA,NA,152544828
1042,Cotoneaster moupinensis,NA,NA,NA,NA,NA,NA,152544822
1048,Cotoneaster suecicus,NA,NA,NA,NA,NA,NA,152544835
1050,Cotoneaster watereri,NA,NA,NA,NA,NA,NA,152544829
1054,Cotula anthemoides,NA,NA,NA,NA,NA,NA,152544235
1060,Crambe hispanica abyssinica,NA,NA,NA,NA,NA,NA,213214560
1062,Crassostrea virginica,NA,NA,NA,NA,NA,NA,152543744
1065,Crassula peduncularis,NA,NA,NA,NA,NA,NA,213213675
1066,Crataegus coccinea,NA,NA,NA,NA,NA,NA,213215679
1067,Crataegus microphylla microphylla,NA,NA,NA,NA,NA,NA,213215678
1070,Cratoxylum sumatranum blancoi,NA,NA,NA,NA,NA,NA,213214773
1074,Crepis foetida rhoeadifolia,NA,NA,NA,NA,NA,NA,152543856
1077,Crepis sancta,NA,NA,NA,NA,NA,NA,213215070
1078,Crepis sancta sancta,NA,NA,NA,NA,NA,NA,213215071
1083,Crithopsis delileana,NA,NA,NA,NA,NA,NA,152546902
1084,Crocidophora butleri,NA,NA,NA,NA,NA,NA,213213932
1088,Crocus speciosus,NA,NA,NA,NA,NA,NA,213212449
1092,Crotalus atrox,NA,NA,NA,NA,NA,NA,182133838
1093,Crucianella angustifolia,NA,NA,NA,NA,NA,NA,152545253
1094,Cryptachaea blattea,NA,NA,NA,NA,NA,NA,152544135
1096,Cryptoblabes gnidiella,NA,NA,NA,NA,NA,NA,213213920
1100,Cryptorchestia garbinii,NA,NA,NA,NA,NA,NA,182134043
1101,Ctenochares bicolorus,NA,NA,NA,NA,NA,NA,213213865
1105,Ctenosaura similis,NA,NA,NA,NA,NA,NA,213212540
1108,Cucumis myriocarpus,NA,NA,NA,NA,NA,NA,213215622
1110,Cucurbita ficifolia,NA,NA,NA,NA,NA,NA,213215624
1115,Cullen cinereum,NA,NA,NA,NA,NA,NA,182134368
1117,Cupiennius getazi,NA,NA,NA,NA,NA,NA,213214657
1118,Cuscuta campestris,NA,NA,NA,NA,NA,NA,213213559
1122,Cuscuta planiflora,NA,NA,NA,NA,NA,NA,152545021
1125,Cyanopica cooki,NA,NA,NA,NA,NA,NA,159747326
1127,Cyanus triumfettii,NA,NA,NA,NA,NA,NA,152543611
1131,Cyclospermum leptophyllum,NA,NA,NA,NA,NA,NA,213215316
1137,Cylindroiulus britannicus,NA,NA,NA,NA,NA,NA,152544645
1139,Cymbalaria muralis muralis,NA,NA,NA,NA,NA,NA,152545641
1141,Cymbalaria pubescens,NA,NA,NA,NA,NA,NA,213215556
1142,Cynanchica aristata,NA,NA,NA,NA,NA,NA,213215263
1145,Cynodon convergens,NA,NA,NA,NA,NA,NA,152546798
1147,Cynodon incompletus,NA,NA,NA,NA,NA,NA,213212789
1149,Cynoglossum clandestinum,NA,NA,NA,NA,NA,NA,152545529
1152,Cyperus aggregatus,NA,NA,NA,NA,NA,NA,152546751
1153,Cyperus congestus,NA,NA,NA,NA,NA,NA,152546747
1154,Cyperus conglomeratus,NA,NA,NA,NA,NA,NA,152546749
1156,Cyperus difformis,NA,NA,NA,NA,NA,NA,152546745
1159,Cyperus exaltatus,NA,NA,NA,NA,NA,NA,152546757
1161,Cyperus involucratus,NA,NA,NA,NA,NA,NA,213213191
1164,Cyperus longus badius,NA,NA,NA,NA,NA,NA,152546743
1165,Cyperus longus longus,NA,NA,NA,NA,NA,NA,152546744
1166,Cyperus reflexus,NA,NA,NA,NA,NA,NA,152546746
1167,Cyperus rigens,NA,NA,NA,NA,NA,NA,152546752
1169,Cyperus virens,NA,NA,NA,NA,NA,NA,152546753
1173,Cytisophyllum sessilifolium,NA,NA,NA,NA,NA,NA,159748507
1174,Cytisus decumbens,NA,NA,NA,NA,NA,NA,152545111
1177,Daboecia cantabrica,NA,NA,NA,NA,NA,NA,182134828
1178,Daboecia cantabrica cantabrica,NA,NA,NA,NA,NA,NA,213215596
1179,Daboia palaestinae,NA,NA,NA,NA,NA,NA,213212549
1181,Dactylis glomerata lobata,NA,NA,NA,NA,NA,NA,213212947
1183,Dactyloctenium radulans,NA,NA,NA,NA,NA,NA,152547155
1185,Dahlia cultorum,NA,NA,NA,NA,NA,NA,152543756
1187,Daktulosphaira vitifoliae,NA,NA,NA,NA,NA,NA,213214101
1190,Daphnia ambigua,NA,NA,NA,NA,NA,NA,213214646
1193,Dasiphora davurica mandshurica,NA,NA,NA,NA,NA,NA,182135135
1201,Daucus carota sativus,NA,NA,NA,NA,NA,NA,213215299
1202,Daucus durieua,NA,NA,NA,NA,NA,NA,152544552
1203,Daucus glochidiatus,NA,NA,NA,NA,NA,NA,152544549
1204,Daucus littoralis,NA,NA,NA,NA,NA,NA,213215300
1205,Davidia involucrata,NA,NA,NA,NA,NA,NA,213214669
1208,Delosperma aberdeenense,NA,NA,NA,NA,NA,NA,213214826
1213,Delphinium hispanicum,NA,NA,NA,NA,NA,NA,213214442
1221,Deraeocoris annulipes,NA,NA,NA,NA,NA,NA,213214129
1222,Deraeocoris flavilinea,NA,NA,NA,NA,NA,NA,213214130
1224,Deroceras panormitanum,NA,NA,NA,NA,NA,NA,152543609
1225,Descurainia incisa,NA,NA,NA,NA,NA,NA,152545437
1227,Desmanthus illinoensis,NA,NA,NA,NA,NA,NA,182134182
1228,Desmazeria sicula,NA,NA,NA,NA,NA,NA,152546896
1229,Deutzia crenata,NA,NA,NA,NA,NA,NA,213214690
1230,Deutzia gracilis,NA,NA,NA,NA,NA,NA,213214693
1235,Dianthus giganteus,NA,NA,NA,NA,NA,NA,213215013
1236,Dianthus giganteus giganteus,NA,NA,NA,NA,NA,NA,152546075
1238,Dianthus subacaulis,NA,NA,NA,NA,NA,NA,152546073
1241,Dichanthelium clandestinum,NA,NA,NA,NA,NA,NA,213212944
1244,Dichotomyctere fluviatilis,NA,NA,NA,NA,NA,NA,156872745
1245,Dichrooscytus gustavi,NA,NA,NA,NA,NA,NA,213214116
1246,Dichrooscytus intermedius,NA,NA,NA,NA,NA,NA,213214114
1247,Dicyphus escalerae,NA,NA,NA,NA,NA,NA,213214126
1248,Dieuches armatipes,NA,NA,NA,NA,NA,NA,213214043
1249,Digitalis ferruginea,NA,NA,NA,NA,NA,NA,213215541
1250,Digitalis lanata,NA,NA,NA,NA,NA,NA,213215540
1251,Digitaria abyssinica,NA,NA,NA,NA,NA,NA,152546929
1252,Digitaria acuminatissima,NA,NA,NA,NA,NA,NA,152546930
1254,Digitaria brownii,NA,NA,NA,NA,NA,NA,152546928
1255,Digitaria ciliaris,NA,NA,NA,NA,NA,NA,213212924
1257,Digitaria sanguinalis sanguinalis,NA,NA,NA,NA,NA,NA,182133502
1262,Dinebra divaricatissima,NA,NA,NA,NA,NA,NA,213213093
1266,Diplachne fusca fascicularis,NA,NA,NA,NA,NA,NA,152546785
1267,Diplachne fusca fusca,NA,NA,NA,NA,NA,NA,152546784
1268,Diplachne fusca uninervia,NA,NA,NA,NA,NA,NA,152546786
1269,Diplosoma listerianum,NA,NA,NA,NA,NA,NA,159747729
1275,Disakisperma dubium,NA,NA,NA,NA,NA,NA,152546780
1278,Dohrniphora cornuta,NA,NA,NA,NA,NA,NA,182134330
1279,Dolichophis caspius,NA,NA,NA,NA,NA,NA,213212475
1280,Dolichoplana signata,NA,NA,NA,NA,NA,NA,213213344
1281,Dolichoplana striata,NA,NA,NA,NA,NA,NA,182132848
1283,Donax serra,NA,NA,NA,NA,NA,NA,213213615
1285,Doronicum excelsum,NA,NA,NA,NA,NA,NA,152543935
1286,Doronicum orientale,NA,NA,NA,NA,NA,NA,213215222
1287,Doronicum willdenowii,NA,NA,NA,NA,NA,NA,213215223
1290,Dorypteryx pallida,NA,NA,NA,NA,NA,NA,152544600
1293,Dracocephalum thymiflorum,NA,NA,NA,NA,NA,NA,152545756
1294,Dracunculus vulgaris,NA,NA,NA,NA,NA,NA,213212615
1295,Dreissena bugensis,NA,NA,NA,NA,NA,NA,154367717
1299,Drosera linearis,NA,NA,NA,NA,NA,NA,152545886
1300,Drosophila suzukii,NA,NA,NA,NA,NA,NA,182134318
1301,Dryas iulia,NA,NA,NA,NA,NA,NA,213213979
1302,Dryocosmus kuriphilus,NA,NA,NA,NA,NA,NA,213213900
1303,Dryophytes japonicus,NA,NA,NA,NA,NA,NA,213213227
1306,Dryopteris lacunosa,NA,NA,NA,NA,NA,NA,213213266
1311,Dysphania cristata,NA,NA,NA,NA,NA,NA,152545915
1314,Dysphania pseudomultiflora,NA,NA,NA,NA,NA,NA,152545910
1318,Echinacea purpurea,NA,NA,NA,NA,NA,NA,213215218
1319,Echinaria capitata,NA,NA,NA,NA,NA,NA,152546801
1321,Echinochloa colonum,NA,NA,NA,NA,NA,NA,213212692
1325,Echinochloa inundata,NA,NA,NA,NA,NA,NA,152546992
1326,Echinochloa jubata,NA,NA,NA,NA,NA,NA,152546993
1329,Echinochloa muricata muricata,NA,NA,NA,NA,NA,NA,152546991
1331,Echinocystis lobata,NA,NA,NA,NA,NA,NA,152546189
1337,Echinopsis albispinosa,NA,NA,NA,NA,NA,NA,213214974
1338,Echinopsis silvestrii,NA,NA,NA,NA,NA,NA,152545883
1339,Echinothrips americanus,NA,NA,NA,NA,NA,NA,152544431
1340,Echis carinatus,NA,NA,NA,NA,NA,NA,182133846
1341,Echium pininana,NA,NA,NA,NA,NA,NA,213214091
1345,Ectobius vittiventris,NA,NA,NA,NA,NA,NA,213214399
1350,Ehrharta longiflora,NA,NA,NA,NA,NA,NA,152547014
1353,Elaeagnus macrophylla,NA,NA,NA,NA,NA,NA,152544751
1356,Elaeagnus submacrophylla,NA,NA,NA,NA,NA,NA,152544752
1360,Elaphe sauromates,NA,NA,NA,NA,NA,NA,182133754
1361,Elaphe schrenckii,NA,NA,NA,NA,NA,NA,182133755
1362,Elaphe taeniura,NA,NA,NA,NA,NA,NA,213212482
1366,Eleocharis mamillata austriaca,NA,NA,NA,NA,NA,NA,159747332
1368,Eleusine africana,NA,NA,NA,NA,NA,NA,159747740
1372,Eleutherococcus simonii,NA,NA,NA,NA,NA,NA,213215272
1375,Elodea densa,NA,NA,NA,NA,NA,NA,213212644
1377,Elsholtzia ciliata,NA,NA,NA,NA,NA,NA,152545750
1379,Elymus hystrix,NA,NA,NA,NA,NA,NA,213212852
1380,Emilia fosbergii,NA,NA,NA,NA,NA,NA,152543779
1381,Empicoris rubromaculatus,NA,NA,NA,NA,NA,NA,213214137
1383,Enarthrocarpus lyratus,NA,NA,NA,NA,NA,NA,152545439
1384,Enderleinellus kumadai,NA,NA,NA,NA,NA,NA,152544591
1385,Enneapogon desvauxii,NA,NA,NA,NA,NA,NA,152546979
1386,Enneapogon scaber,NA,NA,NA,NA,NA,NA,152546978
1389,Enteropogon acicularis,NA,NA,NA,NA,NA,NA,152546790
1390,Entyloma calendulae,NA,NA,NA,NA,NA,NA,152543197
1391,Entyloma dahliae,NA,NA,NA,NA,NA,NA,213212299
1392,Entyloma eschscholziae,NA,NA,NA,NA,NA,NA,213212302
1393,Eobania vermiculata,NA,NA,NA,NA,NA,NA,213213513
1394,Eolophus roseicapilla,NA,NA,NA,NA,NA,NA,213212922
1396,Ephedra gerardiana,NA,NA,NA,NA,NA,NA,213213353
1397,Ephedra gerardiana sikkimensis,NA,NA,NA,NA,NA,NA,213213355
1398,Ephedra intermedia,NA,NA,NA,NA,NA,NA,213213351
1401,Epilobium floridulum,NA,NA,NA,NA,NA,NA,152543500
1405,Epimedium pubigerum,NA,NA,NA,NA,NA,NA,213214346
1406,Epiphyas postvittana,NA,NA,NA,NA,NA,NA,213213963
1407,Eptesicus fuscus,NA,NA,NA,NA,NA,NA,213212213
1408,Eptesicus nilssonii,NA,NA,NA,NA,NA,NA,213212211
1409,Epuraea imperialis,NA,NA,NA,NA,NA,NA,159748397
1411,Equisetum praealtum,NA,NA,NA,NA,NA,NA,213213278
1413,Eragrostis alveiformis,NA,NA,NA,NA,NA,NA,152547060
1414,Eragrostis atrovirens,NA,NA,NA,NA,NA,NA,152547066
1415,Eragrostis bahiensis,NA,NA,NA,NA,NA,NA,152547069
1416,Eragrostis barrelieri,NA,NA,NA,NA,NA,NA,152547071
1417,Eragrostis bicolor,NA,NA,NA,NA,NA,NA,152547061
1418,Eragrostis brownii,NA,NA,NA,NA,NA,NA,213213143
1420,Eragrostis ciliaris,NA,NA,NA,NA,NA,NA,152547074
1422,Eragrostis cylindriflora,NA,NA,NA,NA,NA,NA,213213148
1423,Eragrostis dielsii,NA,NA,NA,NA,NA,NA,152547063
1424,Eragrostis elongata,NA,NA,NA,NA,NA,NA,152547068
1425,Eragrostis lacunaria,NA,NA,NA,NA,NA,NA,152547052
1426,Eragrostis leptocarpa,NA,NA,NA,NA,NA,NA,152547056
1427,Eragrostis leptostachya,NA,NA,NA,NA,NA,NA,152547076
1431,Eragrostis neesii,NA,NA,NA,NA,NA,NA,152547057
1432,Eragrostis neomexicana,NA,NA,NA,NA,NA,NA,152547051
1433,Eragrostis nigra,NA,NA,NA,NA,NA,NA,152547058
1434,Eragrostis obtusa,NA,NA,NA,NA,NA,NA,152547059
1435,Eragrostis papposa,NA,NA,NA,NA,NA,NA,152547053
1436,Eragrostis parviflora,NA,NA,NA,NA,NA,NA,152547072
1439,Eragrostis plana,NA,NA,NA,NA,NA,NA,152547067
1440,Eragrostis planiculmis,NA,NA,NA,NA,NA,NA,152547054
1441,Eragrostis procumbens,NA,NA,NA,NA,NA,NA,152547055
1442,Eragrostis rotifer,NA,NA,NA,NA,NA,NA,152547062
1444,Eragrostis virescens,NA,NA,NA,NA,NA,NA,213213150
1446,Eratigena fuesslini,NA,NA,NA,NA,NA,NA,213214723
1447,Eremopyrum bonaepartis,NA,NA,NA,NA,NA,NA,152547088
1449,Erica darleyensis,NA,NA,NA,NA,NA,NA,182134831
1451,Erigeron annuus,NA,NA,NA,NA,NA,NA,213215039
1455,Erigeron huelsenii,NA,NA,NA,NA,NA,NA,182134960
1457,Erigeron pampeanus,NA,NA,NA,NA,NA,NA,152544062
1462,Erigone dentosa,NA,NA,NA,NA,NA,NA,152544234
1464,Eriocapitella hybrida,NA,NA,NA,NA,NA,NA,213214428
1465,Eriocapitella tomentosa,NA,NA,NA,NA,NA,NA,213214431
1467,Eriochloa australiensis,NA,NA,NA,NA,NA,NA,152546999
1468,Eriochloa crebra,NA,NA,NA,NA,NA,NA,152547000
1469,Eriochloa procera,NA,NA,NA,NA,NA,NA,152547002
1470,Eriochloa pseudoacrotricha,NA,NA,NA,NA,NA,NA,152547001
1471,Eriochloa villosa,NA,NA,NA,NA,NA,NA,152547003
1472,Eriophyes alniincanae,NA,NA,NA,NA,NA,NA,213214803
1473,Eriophyes pyri,NA,NA,NA,NA,NA,NA,213214805
1476,Erodium carolinianum,NA,NA,NA,NA,NA,NA,213214016
1477,Erodium chium,NA,NA,NA,NA,NA,NA,152545295
1480,Erodium cygnorum,NA,NA,NA,NA,NA,NA,213214007
1483,Erodium manescavi,NA,NA,NA,NA,NA,NA,213213998
1485,Erodium meynieri,NA,NA,NA,NA,NA,NA,213214004
1488,Erodium salzmannii,NA,NA,NA,NA,NA,NA,152545292
1491,Eruca vesicaria,NA,NA,NA,NA,NA,NA,213214535
1492,Erucaria hispanica,NA,NA,NA,NA,NA,NA,152545344
1498,Erysimum bicolor,NA,NA,NA,NA,NA,NA,213214625
1500,Erysimum collisparsum,NA,NA,NA,NA,NA,NA,213214628
1501,Erysimum diffusum,NA,NA,NA,NA,NA,NA,152545461
1502,Erysimum marshallii,NA,NA,NA,NA,NA,NA,152545462
1504,Erythranthe cuprea,NA,NA,NA,NA,NA,NA,213215517
1506,Erythranthe lutea,NA,NA,NA,NA,NA,NA,213215518
1511,Eublepharis macularius,NA,NA,NA,NA,NA,NA,182133721
1512,Euborellia annulipes,NA,NA,NA,NA,NA,NA,152544459
1513,Eucheilota menoni,NA,NA,NA,NA,NA,NA,182133082
1514,Euchiton sphaericus,NA,NA,NA,NA,NA,NA,152543631
1515,Euclidium syriacum,NA,NA,NA,NA,NA,NA,213214577
1516,Eudianthe coeli-rosa,NA,NA,NA,NA,NA,NA,213215010
1522,Euonymus fortunei,NA,NA,NA,NA,NA,NA,213213723
1525,Euonymus oxyphyllus,NA,NA,NA,NA,NA,NA,213213724
1526,Eupatorium perfoliatum,NA,NA,NA,NA,NA,NA,152543800
1529,Euphorbia amygdaloides robbiae,NA,NA,NA,NA,NA,NA,152546440
1530,Euphorbia chamaesyce,NA,NA,NA,NA,NA,NA,152546449
1538,Euphorbia hypericifolia,NA,NA,NA,NA,NA,NA,213214720
1542,Euphorbia nutans,NA,NA,NA,NA,NA,NA,152546454
1547,Euphorbia pseudoesula,NA,NA,NA,NA,NA,NA,152546451
1549,Euphorbia serpens,NA,NA,NA,NA,NA,NA,213214715
1550,Euphorbia tommasiniana,NA,NA,NA,NA,NA,NA,213214727
1552,Euphorbia verrucosa,NA,NA,NA,NA,NA,NA,213214718
1555,Euplectes macroura,NA,NA,NA,NA,NA,NA,159747187
1558,Euryopis episinoides,NA,NA,NA,NA,NA,NA,152544145
1559,Eurytemora americana,NA,NA,NA,NA,NA,NA,159748106
1560,Euscorpius carpathicus,NA,NA,NA,NA,NA,NA,213214823
1561,Euscorpius flavicaudis,NA,NA,NA,NA,NA,NA,213214825
1562,Eustachys neglecta,NA,NA,NA,NA,NA,NA,152546803
1563,Eustachys retusa,NA,NA,NA,NA,NA,NA,152546804
1568,Exaireta spinigera,NA,NA,NA,NA,NA,NA,213214427
1569,Facelis retusa,NA,NA,NA,NA,NA,NA,152544222
1572,Fagus orientalis,NA,NA,NA,NA,NA,NA,213215368
1577,Fargesia spathacea,NA,NA,NA,NA,NA,NA,152546794
1579,Favolaschia calocera,NA,NA,NA,NA,NA,NA,182132869
1580,Faxonius limosus,NA,NA,NA,NA,NA,NA,213214572
1581,Felicia tenella,NA,NA,NA,NA,NA,NA,152543776
1585,Ferussacia folliculum,NA,NA,NA,NA,NA,NA,213213497
1586,Festuca alopecuros,NA,NA,NA,NA,NA,NA,213212775
1587,Festuca ambigua,NA,NA,NA,NA,NA,NA,213212772
1588,Festuca antucensis,NA,NA,NA,NA,NA,NA,213212780
1589,Festuca gautieri,NA,NA,NA,NA,NA,NA,152547104
1590,Festuca geniculata,NA,NA,NA,NA,NA,NA,213212773
1592,Festuca guestfalica hirtula,NA,NA,NA,NA,NA,NA,213212768
1593,Festuca ligustica,NA,NA,NA,NA,NA,NA,213212776
1594,Festuca myuros,NA,NA,NA,NA,NA,NA,213212770
1595,Festuca octoflora,NA,NA,NA,NA,NA,NA,213212782
1596,Festuca trachyphylla,NA,NA,NA,NA,NA,NA,213212779
1597,Festuca valesiaca,NA,NA,NA,NA,NA,NA,152547105
1601,Filipendula camtschatica,NA,NA,NA,NA,NA,NA,152544784
1602,Filipendula digitata,NA,NA,NA,NA,NA,NA,213215704
1603,Fimbristylis dichotoma,NA,NA,NA,NA,NA,NA,152546759
1604,Flaveria trinervia,NA,NA,NA,NA,NA,NA,213215046
1609,Fragaria ananassa,NA,NA,NA,NA,NA,NA,152544855
1612,Frankliniella occidentalis,NA,NA,NA,NA,NA,NA,152544425
1613,Fraxinus americana,NA,NA,NA,NA,NA,NA,213215419
1615,Fraxinus angustifolia oxycarpa,NA,NA,NA,NA,NA,NA,152545580
1616,Fraxinus latifolia,NA,NA,NA,NA,NA,NA,152545583
1620,Fulvius anthocoroides,NA,NA,NA,NA,NA,NA,152544272
1621,Fulvius subnitens,NA,NA,NA,NA,NA,NA,152544270
1623,Fumaria muralis,NA,NA,NA,NA,NA,NA,213214296
1624,Furcifer pardalis,NA,NA,NA,NA,NA,NA,182133734
1626,Gaillardia grandiflora,NA,NA,NA,NA,NA,NA,152543747
1628,Galactites tomentosa,NA,NA,NA,NA,NA,NA,213215120
1630,Galanthus ikariae,NA,NA,NA,NA,NA,NA,152546656
1639,Galium anglicum,NA,NA,NA,NA,NA,NA,213215260
1640,Galium divaricatum,NA,NA,NA,NA,NA,NA,152545265
1642,Galium parisiense,NA,NA,NA,NA,NA,NA,213215261
1643,Galium parisiense parisiense,NA,NA,NA,NA,NA,NA,213215259
1644,Galium tenuissimum,NA,NA,NA,NA,NA,NA,152545267
1645,Galium verrucosum,NA,NA,NA,NA,NA,NA,152545263
1647,Galium verum wirtgenii,NA,NA,NA,NA,NA,NA,152545264
1651,Gamochaeta americana,NA,NA,NA,NA,NA,NA,213215166
1652,Gamochaeta antillana,NA,NA,NA,NA,NA,NA,152544300
1655,Garrulax leucolophus,NA,NA,NA,NA,NA,NA,159747323
1656,Gastoniella chaerophylla,NA,NA,NA,NA,NA,NA,213213238
1657,Gastridium phleoides,NA,NA,NA,NA,NA,NA,152546814
1659,Gastrodes abietum,NA,NA,NA,NA,NA,NA,213214047
1662,Gekko gecko,NA,NA,NA,NA,NA,NA,182133852
1663,Gekkonidae,NA,NA,NA,NA,NA,NA,213212543
1668,Geranium cantabrigiense,NA,NA,NA,NA,NA,NA,182134538
1673,Geranium magnificum,NA,NA,NA,NA,NA,NA,182134537
1675,Geranium oxonianum,NA,NA,NA,NA,NA,NA,152545308
1680,Geranium renardii,NA,NA,NA,NA,NA,NA,213214033
1681,Geranium versicolor,NA,NA,NA,NA,NA,NA,213214022
1686,Geranoaetus melanoleucus,NA,NA,NA,NA,NA,NA,213213038
1689,Geum quellyon,NA,NA,NA,NA,NA,NA,152544797
1691,Geum ternatum ternatum,NA,NA,NA,NA,NA,NA,213215664
1693,Gilia capitata,NA,NA,NA,NA,NA,NA,213215574
1694,Gilia capitata capitata,NA,NA,NA,NA,NA,NA,152545828
1695,Gilia capitata mediomontana,NA,NA,NA,NA,NA,NA,152545829
1699,Gittenbergia sororcula,NA,NA,NA,NA,NA,NA,213213455
1700,Gladiolus hortulanus,NA,NA,NA,NA,NA,NA,152546680
1703,Glandora diffusa,NA,NA,NA,NA,NA,NA,213214139
1709,Glinus lotoides,NA,NA,NA,NA,NA,NA,152546002
1711,Glyceria striata difformis,NA,NA,NA,NA,NA,NA,213213124
1713,Gobiosoma bosc,NA,NA,NA,NA,NA,NA,152543426
1717,Gracupica nigricollis,NA,NA,NA,NA,NA,NA,159747243
1718,Grammostola rosea,NA,NA,NA,NA,NA,NA,152544182
1719,Granaria frumentum,NA,NA,NA,NA,NA,NA,213213449
1720,Grandidierella japonica,NA,NA,NA,NA,NA,NA,182134074
1722,Graptemys geographica,NA,NA,NA,NA,NA,NA,182133907
1727,Graptemys pseudogeographica kohnii,NA,NA,NA,NA,NA,NA,152543132
1728,Graptemys pseudogeographica pseudogeographica,NA,NA,NA,NA,NA,NA,152543136
1729,Graptostethus servus,NA,NA,NA,NA,NA,NA,213214231
1737,Guizotia scabra,NA,NA,NA,NA,NA,NA,213215037
1738,Guizotia schimperi,NA,NA,NA,NA,NA,NA,152544404
1739,Gunnera tinctoria,NA,NA,NA,NA,NA,NA,213213988
1742,Gymnosporangium confusum,NA,NA,NA,NA,NA,NA,152543166
1747,Gypsophila repens,NA,NA,NA,NA,NA,NA,213214981
1748,Gypsophila scorzonerifolia,NA,NA,NA,NA,NA,NA,152546040
1749,Gypsophila vaccaria,NA,NA,NA,NA,NA,NA,213214980
1750,Gypsophila viscosa,NA,NA,NA,NA,NA,NA,152546041
1752,Hadrotarsus ornatus,NA,NA,NA,NA,NA,NA,152544161
1755,Halesia carolina,NA,NA,NA,NA,NA,NA,213215584
1761,Halimium lasianthum alyssoides,NA,NA,NA,NA,NA,NA,182134719
1763,Hanseniella caldaria,NA,NA,NA,NA,NA,NA,152544653
1764,Haplodrassus securifer,NA,NA,NA,NA,NA,NA,159748235
1765,Haplopoma graniferum,NA,NA,NA,NA,NA,NA,159748473
1766,Haplopoma impressum,NA,NA,NA,NA,NA,NA,159748474
1768,Harpachne schimperi,NA,NA,NA,NA,NA,NA,152546938
1770,Hawaiia minuscula,NA,NA,NA,NA,NA,NA,157092306
1771,Hebenstretia integrifolia,NA,NA,NA,NA,NA,NA,152545609
1776,Hedlundia hybrida,NA,NA,NA,NA,NA,NA,213215736
1778,Helenium clementii,NA,NA,NA,NA,NA,NA,152543786
1779,Heleobia charruana,NA,NA,NA,NA,NA,NA,213213569
1783,Helianthus laetiflorus,NA,NA,NA,NA,NA,NA,152544157
1791,Helictochloa bromoides,NA,NA,NA,NA,NA,NA,159747368
1792,Helictotrichon sempervirens,NA,NA,NA,NA,NA,NA,152546900
1793,Heliophanus kochii,NA,NA,NA,NA,NA,NA,152544122
1794,Heliopsis helianthoides,NA,NA,NA,NA,NA,NA,152543811
1795,Heliothrips haemorrhoidalis,NA,NA,NA,NA,NA,NA,152544441
1796,Heliotropium amplexicaule,NA,NA,NA,NA,NA,NA,152545543
1799,Helix lucorum,NA,NA,NA,NA,NA,NA,213213518
1800,Helleborus argutifolius,NA,NA,NA,NA,NA,NA,213214419
1801,Helleborus lividus,NA,NA,NA,NA,NA,NA,213214417
1806,Hemidactylus,NA,NA,NA,NA,NA,NA,213212518
1807,Hemidactylus turcicus,NA,NA,NA,NA,NA,NA,213212520
1808,Hemigrapsus penicillatus,NA,NA,NA,NA,NA,NA,213214578
1815,Heracleum sphondylium sibiricum,NA,NA,NA,NA,NA,NA,152544576
1816,Hercinothrips bicinctus,NA,NA,NA,NA,NA,NA,152544443
1817,Hercinothrips femoralis,NA,NA,NA,NA,NA,NA,152544445
1818,Hermetia illucens,NA,NA,NA,NA,NA,NA,213214430
1821,Heteranthemis viscidehirta,NA,NA,NA,NA,NA,NA,152544312
1822,Heterodon nasicus,NA,NA,NA,NA,NA,NA,182133709
1823,Heteropoda venatoria,NA,NA,NA,NA,NA,NA,152544080
1826,Hexaplex cichoreum,NA,NA,NA,NA,NA,NA,213213435
1827,Hexaplex trunculus,NA,NA,NA,NA,NA,NA,213213436
1830,Hieracium amplexicaule,NA,NA,NA,NA,NA,NA,213215178
1832,Hieracium glaucinum recensitum,NA,NA,NA,NA,NA,NA,182134921
1833,Hieracium pilosum,NA,NA,NA,NA,NA,NA,152543843
1834,Hieracium pulmonarioides spelaeum,NA,NA,NA,NA,NA,NA,213215179
1835,Hieracium speciosum,NA,NA,NA,NA,NA,NA,152543845
1840,Hippodamia convergens,NA,NA,NA,NA,NA,NA,152544554
1841,Hippophae rhamnoides caucasica,NA,NA,NA,NA,NA,NA,152544749
1844,Holodiscus discolor,NA,NA,NA,NA,NA,NA,213215693
1845,Homarus americanus,NA,NA,NA,NA,NA,NA,213214583
1846,Homoeogryllus reticulatus,NA,NA,NA,NA,NA,NA,213213777
1847,Homotoma ficus,NA,NA,NA,NA,NA,NA,213214169
1848,Hoplopleura erismata,NA,NA,NA,NA,NA,NA,152544587
1849,Hordeum bulbosum,NA,NA,NA,NA,NA,NA,152547152
1850,Hordeum comosum,NA,NA,NA,NA,NA,NA,152547149
1852,Hordeum euclaston,NA,NA,NA,NA,NA,NA,152547148
1853,Hordeum flexuosum,NA,NA,NA,NA,NA,NA,152547147
1855,Hordeum marinum gussoneanum,NA,NA,NA,NA,NA,NA,213212895
1856,Hordeum murinum glaucum,NA,NA,NA,NA,NA,NA,213212901
1857,Hordeum murinum leporinum,NA,NA,NA,NA,NA,NA,213212900
1858,Hordeum pusillum,NA,NA,NA,NA,NA,NA,152547150
1862,Hornungia procumbens,NA,NA,NA,NA,NA,NA,213214584
1863,Hosta,NA,NA,NA,NA,NA,NA,152546618
1865,Hucho hucho,NA,NA,NA,NA,NA,NA,152543517
1866,Humulus scandens,NA,NA,NA,NA,NA,NA,213215651
1870,Hydrangea arborescens,NA,NA,NA,NA,NA,NA,213214687
1873,Hydrocharis laevigata,NA,NA,NA,NA,NA,NA,213212638
1875,Hydrocotyle moschata,NA,NA,NA,NA,NA,NA,213215270
1881,Hylaeus absolutus,NA,NA,NA,NA,NA,NA,213213874
1882,Hylotelephium anacampseros,NA,NA,NA,NA,NA,NA,213213642
1885,Hymenoscyphus pseudoalbidus,NA,NA,NA,NA,NA,NA,213212357
1890,Hypericum densiflorum,NA,NA,NA,NA,NA,NA,213214780
1891,Hypericum hidcoteense,NA,NA,NA,NA,NA,NA,152546424
1892,Hypericum hircinum,NA,NA,NA,NA,NA,NA,213214776
1893,Hypericum inodorum,NA,NA,NA,NA,NA,NA,152546425
1894,Hypericum moserianum,NA,NA,NA,NA,NA,NA,213214781
1897,Hypochaeris microcephala,NA,NA,NA,NA,NA,NA,152544355
1898,Hypolimnas bolina,NA,NA,NA,NA,NA,NA,213213977
1903,Hypsopygia nostralis,NA,NA,NA,NA,NA,NA,213213918
1905,Ianiropsis serricaudis,NA,NA,NA,NA,NA,NA,213214484
1906,Iberis amara,NA,NA,NA,NA,NA,NA,213214594
1907,Iberis odorata,NA,NA,NA,NA,NA,NA,152545381
1911,Iberodes linifolia,NA,NA,NA,NA,NA,NA,213214110
1912,Ibicella lutea,NA,NA,NA,NA,NA,NA,152545600
1913,Icerya purchasi,NA,NA,NA,NA,NA,NA,213214193
1914,Icius subinermis,NA,NA,NA,NA,NA,NA,213214732
1915,Ictalurus punctatus,NA,NA,NA,NA,NA,NA,152543493
1917,Iguana,NA,NA,NA,NA,NA,NA,182133813
1919,Ilex altaclerensis,NA,NA,NA,NA,NA,NA,152543248
1921,Ilex meserveae,NA,NA,NA,NA,NA,NA,152543251
1927,Impatientinum asiaticum,NA,NA,NA,NA,NA,NA,213214197
1929,Incarvillea delavayi,NA,NA,NA,NA,NA,NA,213215563
1934,Ipomoea coccinea,NA,NA,NA,NA,NA,NA,213213572
1936,Ipomoea hederifolia,NA,NA,NA,NA,NA,NA,152545008
1937,Ipomoea heptaphylla,NA,NA,NA,NA,NA,NA,213213570
1938,Ipomoea lacunosa,NA,NA,NA,NA,NA,NA,213213568
1939,Ipomoea lacunosa lacunosa,NA,NA,NA,NA,NA,NA,213213574
1941,Ipomoea nil,NA,NA,NA,NA,NA,NA,213213565
1946,Iris graminea,NA,NA,NA,NA,NA,NA,152546672
1947,Iris hollandica,NA,NA,NA,NA,NA,NA,213212442
1949,Iris reticulata,NA,NA,NA,NA,NA,NA,213212438
1951,Iris xiphium,NA,NA,NA,NA,NA,NA,213212440
1952,Isatis quadrialata,NA,NA,NA,NA,NA,NA,213214651
1955,Isodontia mexicana,NA,NA,NA,NA,NA,NA,213213830
1956,Isotrema macrophyllum,NA,NA,NA,NA,NA,NA,213213397
1957,Iva annua,NA,NA,NA,NA,NA,NA,152543796
1958,Jacobaea albescens,NA,NA,NA,NA,NA,NA,182134890
1960,Jacquemontia tamnifolia,NA,NA,NA,NA,NA,NA,213213588
1963,Japananus hyalinus,NA,NA,NA,NA,NA,NA,213214074
1965,Juglans ailantifolia,NA,NA,NA,NA,NA,NA,213215372
1971,Juncus anthelatus,NA,NA,NA,NA,NA,NA,213212682
1972,Juncus canadensis,NA,NA,NA,NA,NA,NA,152547165
1973,Juncus dichotomus,NA,NA,NA,NA,NA,NA,213212679
1974,Juncus dudleyi,NA,NA,NA,NA,NA,NA,213212685
1977,Juncus imbricatus,NA,NA,NA,NA,NA,NA,152547166
1978,Juncus pallescens,NA,NA,NA,NA,NA,NA,152547170
1979,Juncus pallidus,NA,NA,NA,NA,NA,NA,213212686
1980,Juncus radula,NA,NA,NA,NA,NA,NA,152547171
1982,Juncus subsecundus,NA,NA,NA,NA,NA,NA,152547172
1983,Juncus tenuis,NA,NA,NA,NA,NA,NA,213212678
1985,Junonia iphita,NA,NA,NA,NA,NA,NA,213213981
1987,Kalimeris incisa incisa,NA,NA,NA,NA,NA,NA,213215190
1989,Karpatiosorbus latifolia,NA,NA,NA,NA,NA,NA,213215738
1990,Keratella tropica,NA,NA,NA,NA,NA,NA,159748482
1992,Kickxia elatine sieberi,NA,NA,NA,NA,NA,NA,213215546
1993,Kitaibela vitifolia,NA,NA,NA,NA,NA,NA,152546232
2000,Koenigia divaricata,NA,NA,NA,NA,NA,NA,152546106
2001,Koenigia fennica,NA,NA,NA,NA,NA,NA,152546105
2002,Koenigia polystachya,NA,NA,NA,NA,NA,NA,213214913
2004,Kontikia ventrolineata,NA,NA,NA,NA,NA,NA,182132858
2007,Lacerta strigata,NA,NA,NA,NA,NA,NA,213212495
2009,Lachnagrostis billardierei,NA,NA,NA,NA,NA,NA,152546906
2012,Lachnagrostis lachnantha,NA,NA,NA,NA,NA,NA,152546905
2013,Lactuca macrophylla,NA,NA,NA,NA,NA,NA,213215074
2014,Lactuca macrophylla macrophylla,NA,NA,NA,NA,NA,NA,213215073
2015,Lactuca macrophylla uralensis,NA,NA,NA,NA,NA,NA,182134919
2017,Laelius pedatus,NA,NA,NA,NA,NA,NA,213213869
2021,Lallemantia iberica,NA,NA,NA,NA,NA,NA,152545706
2022,Lamarckia aurea,NA,NA,NA,NA,NA,NA,152546811
2025,Lamium galeobdolon argentatum,NA,NA,NA,NA,NA,NA,152545739
2026,Lamium garganicum garganicum,NA,NA,NA,NA,NA,NA,152545740
2029,Lampropeltis,NA,NA,NA,NA,NA,NA,182133994
2030,Lampropeltis getula,NA,NA,NA,NA,NA,NA,213212464
2031,Lampropeltis getula californiae,NA,NA,NA,NA,NA,NA,213212468
2033,Lampropeltis triangulum hondurensis,NA,NA,NA,NA,NA,NA,213212466
2035,Lamprotornis nitens,NA,NA,NA,NA,NA,NA,159747259
2039,Lantana camara,NA,NA,NA,NA,NA,NA,213215523
2040,Laonome calida,NA,NA,NA,NA,NA,NA,152543712
2041,Laonome xeprovala,NA,NA,NA,NA,NA,NA,182133971
2043,Lappula marginata,NA,NA,NA,NA,NA,NA,152545539
2047,Larix marschlinsii,NA,NA,NA,NA,NA,NA,182132997
2049,Larosterna inca,NA,NA,NA,NA,NA,NA,213212966
2051,Lathyrus angulatus,NA,NA,NA,NA,NA,NA,152545028
2053,Lathyrus cicera,NA,NA,NA,NA,NA,NA,152545136
2054,Lathyrus clymenum,NA,NA,NA,NA,NA,NA,152545029
2056,Lathyrus inconspicuus,NA,NA,NA,NA,NA,NA,152545033
2059,Lathyrus ochrus,NA,NA,NA,NA,NA,NA,152545030
2061,Lathyrus oleraceus,NA,NA,NA,NA,NA,NA,213213804
2063,Lathyrus sphaericus,NA,NA,NA,NA,NA,NA,152545035
2065,Latrodectus geometricus,NA,NA,NA,NA,NA,NA,152544168
2066,Latrodectus hasselti,NA,NA,NA,NA,NA,NA,152544167
2067,Latrodectus hesperus,NA,NA,NA,NA,NA,NA,152544170
2068,Latrodectus mactans,NA,NA,NA,NA,NA,NA,152544165
2069,Lauritrioza alacris,NA,NA,NA,NA,NA,NA,213214190
2074,Leiobunum,NA,NA,NA,NA,NA,NA,213214796
2081,Leonurus japonicus,NA,NA,NA,NA,NA,NA,152545693
2083,Lepidium africanum,NA,NA,NA,NA,NA,NA,152545362
2086,Lepidium desertorum,NA,NA,NA,NA,NA,NA,152545363
2088,Lepidium draba,NA,NA,NA,NA,NA,NA,213214489
2089,Lepidium draba chalepense,NA,NA,NA,NA,NA,NA,213214486
2090,Lepidium fasciculatum,NA,NA,NA,NA,NA,NA,152545366
2093,Lepidium hirtum,NA,NA,NA,NA,NA,NA,152545357
2097,Lepidium schinzii,NA,NA,NA,NA,NA,NA,152545353
2099,Lepidotarphius perornatella,NA,NA,NA,NA,NA,NA,213213949
2101,Lepinotus reticulatus,NA,NA,NA,NA,NA,NA,152544613
2102,Lepiota elaiophylla,NA,NA,NA,NA,NA,NA,213212313
2105,Leptinella dispersa,NA,NA,NA,NA,NA,NA,213215210
2106,Leptinella squalida,NA,NA,NA,NA,NA,NA,213215211
2108,Leptochloa decipiens,NA,NA,NA,NA,NA,NA,213212831
2109,Leptochloa decipiens peacockii,NA,NA,NA,NA,NA,NA,213212833
2110,Leptochloa panicea brachiata,NA,NA,NA,NA,NA,NA,213212834
2111,Leptodeira ashmeadii,NA,NA,NA,NA,NA,NA,213212490
2113,Leptoptilos crumenifer,NA,NA,NA,NA,NA,NA,182133220
2116,Leucanthemum superbum,NA,NA,NA,NA,NA,NA,152543830
2122,Leucothrips nigripennis,NA,NA,NA,NA,NA,NA,152544438
2123,Leuzea repens,NA,NA,NA,NA,NA,NA,213215208
2126,Leysera tenella,NA,NA,NA,NA,NA,NA,152544368
2130,Liguropia juniperi,NA,NA,NA,NA,NA,NA,213214069
2133,Ligustrum vicaryi,NA,NA,NA,NA,NA,NA,152545585
2134,Lilium hollandicum,NA,NA,NA,NA,NA,NA,152546616
2136,Limacus flavus,NA,NA,NA,NA,NA,NA,213213459
2139,Limnodrilus cervix,NA,NA,NA,NA,NA,NA,152543699
2140,Limnodrilus maumeensis,NA,NA,NA,NA,NA,NA,182133944
2142,Limonium platyphyllum,NA,NA,NA,NA,NA,NA,213214922
2144,Linaria angustissima,NA,NA,NA,NA,NA,NA,152545655
2145,Linaria bipartita,NA,NA,NA,NA,NA,NA,213215544
2149,Linaria incarnata,NA,NA,NA,NA,NA,NA,152545652
2156,Lindernia procumbens,NA,NA,NA,NA,NA,NA,213215510
2159,Linum austriacum austriacum,NA,NA,NA,NA,NA,NA,152546478
2162,Liposcelis bostrychophila,NA,NA,NA,NA,NA,NA,152544628
2163,Liposcelis brunnea,NA,NA,NA,NA,NA,NA,152544627
2164,Liposcelis paeta,NA,NA,NA,NA,NA,NA,152544630
2168,Lissachatina fulica,NA,NA,NA,NA,NA,NA,213213476
2171,Lithotoma axillaris,NA,NA,NA,NA,NA,NA,213215021
2174,Lobelia sessilifolia,NA,NA,NA,NA,NA,NA,152543587
2178,Lolium elongatum,NA,NA,NA,NA,NA,NA,213213074
2182,Lolium subulatum,NA,NA,NA,NA,NA,NA,213213072
2183,Lomelosia caucasica,NA,NA,NA,NA,NA,NA,213215405
2187,Lonchura striata,NA,NA,NA,NA,NA,NA,213212766
2189,Lonicera americana,NA,NA,NA,NA,NA,NA,213215397
2192,Lonicera etrusca,NA,NA,NA,NA,NA,NA,213215399
2197,Lonicera nitida,NA,NA,NA,NA,NA,NA,213215398
2199,Lonicera purpusii,NA,NA,NA,NA,NA,NA,152546281
2207,Lophophorus impejanus,NA,NA,NA,NA,NA,NA,213212639
2211,Lotus conimbricensis,NA,NA,NA,NA,NA,NA,152545049
2212,Lotus corniculatus sativus,NA,NA,NA,NA,NA,NA,213213837
2213,Lotus dorycnium,NA,NA,NA,NA,NA,NA,182134198
2214,Lotus hirsutus,NA,NA,NA,NA,NA,NA,182134200
2217,Lotus parviflorus,NA,NA,NA,NA,NA,NA,213213836
2219,Lovenella assimilis,NA,NA,NA,NA,NA,NA,182133085
2221,Ludwigia hexapetala,NA,NA,NA,NA,NA,NA,213213429
2223,Ludwigia peploides montevidensis,NA,NA,NA,NA,NA,NA,152543427
2230,Lybius dubius,NA,NA,NA,NA,NA,NA,213212599
2233,Lycodon capucinus,NA,NA,NA,NA,NA,NA,182133745
2235,Lycopsis arvensis orientalis,NA,NA,NA,NA,NA,NA,213214077
2236,Lycopus exaltatus,NA,NA,NA,NA,NA,NA,152545704
2237,Lyctocoris campestris,NA,NA,NA,NA,NA,NA,213214249
2239,Lysichiton americanus × camtschatcensis,NA,NA,NA,NA,NA,NA,213212627
2240,Lysichiton camtschatcensis,NA,NA,NA,NA,NA,NA,213212629
2242,Lysimachia clethroides,NA,NA,NA,NA,NA,NA,213215608
2244,Lysimachia linum-stellatum,NA,NA,NA,NA,NA,NA,152545821
2245,Lysimachia monelli,NA,NA,NA,NA,NA,NA,213215609
2248,Lythrum acutangulum,NA,NA,NA,NA,NA,NA,152543401
2253,Macomopsis melo,NA,NA,NA,NA,NA,NA,213213618
2254,Macropus rufogriseus,NA,NA,NA,NA,NA,NA,213212253
2255,Macrosaccus robiniella,NA,NA,NA,NA,NA,NA,213213942
2256,Macrothele calpeiana,NA,NA,NA,NA,NA,NA,152544257
2257,Madia sativa,NA,NA,NA,NA,NA,NA,152543898
2260,Mahonia bealei,NA,NA,NA,NA,NA,NA,213214363
2261,Mahonia wagneri,NA,NA,NA,NA,NA,NA,213214366
2262,Maianthemum dilatatum,NA,NA,NA,NA,NA,NA,152546701
2265,Malcolmia flexuosa,NA,NA,NA,NA,NA,NA,213214591
2270,Malus baccata,NA,NA,NA,NA,NA,NA,213215696
2271,Malus domestica,NA,NA,NA,NA,NA,NA,213215697
2272,Malus purpurea,NA,NA,NA,NA,NA,NA,152544886
2273,Malus toringo,NA,NA,NA,NA,NA,NA,213215695
2274,Malva alcea ribifolia,NA,NA,NA,NA,NA,NA,213215339
2275,Malva arborea,NA,NA,NA,NA,NA,NA,213215337
2276,Malva clementii,NA,NA,NA,NA,NA,NA,152546248
2277,Malva maroccana,NA,NA,NA,NA,NA,NA,152546247
2278,Malva multiflora,NA,NA,NA,NA,NA,NA,213215338
2281,Malva preissiana,NA,NA,NA,NA,NA,NA,213215335
2285,Malva trimestris,NA,NA,NA,NA,NA,NA,213215336
2291,Mantisalca salmantica,NA,NA,NA,NA,NA,NA,152543930
2292,Mareca americana,NA,NA,NA,NA,NA,NA,213212712
2293,Mareca falcata,NA,NA,NA,NA,NA,NA,213212713
2294,Mareca sibilatrix,NA,NA,NA,NA,NA,NA,213212714
2297,Marionfyfea adventor,NA,NA,NA,NA,NA,NA,213213359
2299,Marrubium peregrinum,NA,NA,NA,NA,NA,NA,152545743
2300,Maruca vitrata,NA,NA,NA,NA,NA,NA,213213926
2301,Mastophorus,NA,NA,NA,NA,NA,NA,152543820
2302,Matricaria chamomilla,NA,NA,NA,NA,NA,NA,213215099
2306,Matthiola longipetala,NA,NA,NA,NA,NA,NA,213214619
2307,Matthiola longipetala bicornis,NA,NA,NA,NA,NA,NA,213214621
2309,Mauremys,NA,NA,NA,NA,NA,NA,213213129
2310,Mauremys reevesii,NA,NA,NA,NA,NA,NA,182133875
2311,Mazus miquelii,NA,NA,NA,NA,NA,NA,213215560
2315,Medicago ciliaris,NA,NA,NA,NA,NA,NA,213213933
2316,Medicago doliata,NA,NA,NA,NA,NA,NA,152545209
2317,Medicago falcata,NA,NA,NA,NA,NA,NA,213213931
2318,Medicago fischeriana,NA,NA,NA,NA,NA,NA,152545214
2319,Medicago intertexta,NA,NA,NA,NA,NA,NA,213213935
2322,Medicago monantha,NA,NA,NA,NA,NA,NA,152545216
2324,Medicago murex,NA,NA,NA,NA,NA,NA,152545212
2327,Medicago praecox,NA,NA,NA,NA,NA,NA,152545221
2331,Medicago tornata,NA,NA,NA,NA,NA,NA,213213929
2333,Medicago turbinata,NA,NA,NA,NA,NA,NA,152545210
2334,Medicago varia,NA,NA,NA,NA,NA,NA,182134332
2336,Megabalanus coccopoma,NA,NA,NA,NA,NA,NA,152544023
2338,Megabunus diadema,NA,NA,NA,NA,NA,NA,213214793
2339,Megascops kennicottii,NA,NA,NA,NA,NA,NA,213213006
2340,Megastigmus spermotrophus,NA,NA,NA,NA,NA,NA,213213878
2341,Melampodium divaricatum,NA,NA,NA,NA,NA,NA,213215231
2346,Melanoides tuberculata,NA,NA,NA,NA,NA,NA,213213546
2356,Melilotus siculus,NA,NA,NA,NA,NA,NA,213213740
2358,Melilotus wolgicus,NA,NA,NA,NA,NA,NA,152545160
2361,Meloidogyne artiellia,NA,NA,NA,NA,NA,NA,152543814
2367,Mentha spicata spicata,NA,NA,NA,NA,NA,NA,213215448
2368,Mentha wirtgeniana,NA,NA,NA,NA,NA,NA,213215449
2369,Mentzelia albicaulis,NA,NA,NA,NA,NA,NA,213214673
2371,Mercenaria mercenaria,NA,NA,NA,NA,NA,NA,152543797
2372,Meretrix lyrata,NA,NA,NA,NA,NA,NA,213213603
2374,Merionoeda hirsuta,NA,NA,NA,NA,NA,NA,213214307
2375,Mermessus denticulatus,NA,NA,NA,NA,NA,NA,152544238
2376,Mermessus trilobatus,NA,NA,NA,NA,NA,NA,213214674
2377,Mesembryanthemum cordifolium,NA,NA,NA,NA,NA,NA,152546022
2381,Metasequoia glyptostroboides,NA,NA,NA,NA,NA,NA,213213300
2383,Micropogonias undulatus,NA,NA,NA,NA,NA,NA,159747656
2384,Micropterus dolomieu,NA,NA,NA,NA,NA,NA,154367400
2385,Micropterus salmoides,NA,NA,NA,NA,NA,NA,152543455
2386,Microscolex phosphoreus,NA,NA,NA,NA,NA,NA,213213312
2388,Milium vernale,NA,NA,NA,NA,NA,NA,152547110
2389,Milvago chimachima,NA,NA,NA,NA,NA,NA,213212584
2392,Miscanthus sacchariflorus,NA,NA,NA,NA,NA,NA,213212907
2395,Misgurnus bipartitus,NA,NA,NA,NA,NA,NA,213213114
2400,Molinia arundinacea,NA,NA,NA,NA,NA,NA,213212917
2404,Monochamus galloprovincialis,NA,NA,NA,NA,NA,NA,213214304
2405,Monochamus sartor,NA,NA,NA,NA,NA,NA,213214302
2408,Monopylephorus limosus,NA,NA,NA,NA,NA,NA,152543671
2409,Monsonia angustifolia,NA,NA,NA,NA,NA,NA,213213995
2410,Monsonia brevirostrata,NA,NA,NA,NA,NA,NA,152545284
2411,Moorochloa eruciformis,NA,NA,NA,NA,NA,NA,213212997
2412,Morelia spilota,NA,NA,NA,NA,NA,NA,182133781
2414,Morimus asper,NA,NA,NA,NA,NA,NA,213214299
2415,Morlina glabra,NA,NA,NA,NA,NA,NA,213213482
2416,Morpho menelaus,NA,NA,NA,NA,NA,NA,213213984
2422,Mummenhoffia alliacea,NA,NA,NA,NA,NA,NA,213214497
2426,Muscari aucheri,NA,NA,NA,NA,NA,NA,213212503
2427,Muscari azureum,NA,NA,NA,NA,NA,NA,213212501
2428,Muscari botryoides,NA,NA,NA,NA,NA,NA,213212500
2431,Mya arenaria,NA,NA,NA,NA,NA,NA,152543750
2433,Mycale micracanthoxea,NA,NA,NA,NA,NA,NA,213213677
2435,Mycosarcoma maydis,NA,NA,NA,NA,NA,NA,213212227
2443,Mytilicola intestinalis,NA,NA,NA,NA,NA,NA,159748101
2445,Myzocallis walshii,NA,NA,NA,NA,NA,NA,213214201
2446,Nagurus cristatus,NA,NA,NA,NA,NA,NA,152543918
2447,Naja melanoleuca,NA,NA,NA,NA,NA,NA,182133829
2448,Nandayus nenday,NA,NA,NA,NA,NA,NA,159747407
2449,Narcissus bulbocodium,NA,NA,NA,NA,NA,NA,213212535
2450,Narcissus cyclazetta,NA,NA,NA,NA,NA,NA,152546659
2451,Narcissus hispanicus hispanicus,NA,NA,NA,NA,NA,NA,213212537
2452,Narcissus jonquilla,NA,NA,NA,NA,NA,NA,213212533
2455,Narcissus triandrus,NA,NA,NA,NA,NA,NA,213212531
2456,Nassella filiculmis,NA,NA,NA,NA,NA,NA,152546866
2457,Nassella formicarum,NA,NA,NA,NA,NA,NA,152546867
2458,Nassella hyalina,NA,NA,NA,NA,NA,NA,152546865
2459,Nassella neesiana,NA,NA,NA,NA,NA,NA,152546869
2468,Nemesia caerulea,NA,NA,NA,NA,NA,NA,213215500
2470,Nemophila menziesii,NA,NA,NA,NA,NA,NA,213214064
2471,Nemophila menziesii integrifolia,NA,NA,NA,NA,NA,NA,152545485
2472,Nemophila menziesii menziesii,NA,NA,NA,NA,NA,NA,213214066
2475,Neoclytus acuminatus,NA,NA,NA,NA,NA,NA,213214287
2478,Neolygus populi,NA,NA,NA,NA,NA,NA,213214133
2479,Neomysis americana,NA,NA,NA,NA,NA,NA,182134080
2480,Neophema pulchella,NA,NA,NA,NA,NA,NA,213212893
2481,Neoscona nautica,NA,NA,NA,NA,NA,NA,152544093
2483,Nepeta grandiflora,NA,NA,NA,NA,NA,NA,152545717
2485,Nepeta subsessilis,NA,NA,NA,NA,NA,NA,213215475
2486,Nephila,NA,NA,NA,NA,NA,NA,152544089
2487,Nephilingis cruentata,NA,NA,NA,NA,NA,NA,213214700
2488,Nepytia phantasmaria,NA,NA,NA,NA,NA,NA,213214025
2489,Nerium oleander,NA,NA,NA,NA,NA,NA,213215248
2491,Neslia paniculata paniculata,NA,NA,NA,NA,NA,NA,152545323
2492,Neslia paniculata thracica,NA,NA,NA,NA,NA,NA,213214647
2493,Nesticodes rufipes,NA,NA,NA,NA,NA,NA,152544141
2494,Netta erythrophthalma,NA,NA,NA,NA,NA,NA,213212683
2498,Neuroterus saliens,NA,NA,NA,NA,NA,NA,213213882
2499,Nezara viridula,NA,NA,NA,NA,NA,NA,213214183
2501,Nicoletia phytophila,NA,NA,NA,NA,NA,NA,152544386
2506,Nicotiana longiflora,NA,NA,NA,NA,NA,NA,152544968
2508,Nicotiana sanderae,NA,NA,NA,NA,NA,NA,213213501
2511,Nicotiana velutina,NA,NA,NA,NA,NA,NA,152544961
2514,Ninox boobook,NA,NA,NA,NA,NA,NA,213213001
2515,Ninox connivens,NA,NA,NA,NA,NA,NA,159746977
2516,Noccaea brachypetala,NA,NA,NA,NA,NA,NA,213214517
2517,Nolavia,NA,NA,NA,NA,NA,NA,152544084
2519,Nonea pulla,NA,NA,NA,NA,NA,NA,152545521
2520,Nonea rosea,NA,NA,NA,NA,NA,NA,152545522
2524,Nymphaea marliacea,NA,NA,NA,NA,NA,NA,213213379
2525,Nymphaea marliacea,NA,NA,NA,NA,NA,NA,152545876
2532,Odontarrhena muralis,NA,NA,NA,NA,NA,NA,213214557
2536,Oecobius amboseli,NA,NA,NA,NA,NA,NA,152544075
2538,Oedaleus decorus,NA,NA,NA,NA,NA,NA,213213759
2539,Oena capensis,NA,NA,NA,NA,NA,NA,159746953
2541,Oenothera affinis,NA,NA,NA,NA,NA,NA,213213437
2547,Oenothera curtiflora,NA,NA,NA,NA,NA,NA,152543458
2554,Oenothera glazioviana azorica,NA,NA,NA,NA,NA,NA,213213443
2555,Oenothera glazioviana rubricalyx,NA,NA,NA,NA,NA,NA,213213452
2556,Oenothera indecora,NA,NA,NA,NA,NA,NA,152543452
2557,Oenothera issleri,NA,NA,NA,NA,NA,NA,152543454
2558,Oenothera laciniata,NA,NA,NA,NA,NA,NA,152543478
2561,Oenothera nuda,NA,NA,NA,NA,NA,NA,152543463
2566,Oenothera perennis,NA,NA,NA,NA,NA,NA,152543476
2568,Oenothera rosea,NA,NA,NA,NA,NA,NA,152543480
2577,Oenothera tetragona,NA,NA,NA,NA,NA,NA,213213458
2579,Oenothera villosa,NA,NA,NA,NA,NA,NA,213213446
2580,Oenothera villosa villosa,NA,NA,NA,NA,NA,NA,213213461
2581,Oenothera wratislaviensis,NA,NA,NA,NA,NA,NA,152543462
2582,Olios,NA,NA,NA,NA,NA,NA,152544081
2583,Olios argelasius,NA,NA,NA,NA,NA,NA,152544083
2584,Oloptum miliaceum,NA,NA,NA,NA,NA,NA,213213109
2585,Oloptum thomasii,NA,NA,NA,NA,NA,NA,213213107
2587,Oncorhynchus kisutch,NA,NA,NA,NA,NA,NA,152543507
2589,Oncosiphon pilulifer,NA,NA,NA,NA,NA,NA,213215042
2592,Onobrychis caput-galli,NA,NA,NA,NA,NA,NA,182134308
2597,Onopordum beckianum,NA,NA,NA,NA,NA,NA,152544378
2598,Onopordum macracanthum,NA,NA,NA,NA,NA,NA,152544381
2602,Oplismenus hirtellus,NA,NA,NA,NA,NA,NA,152547020
2604,Opsius stactogalus,NA,NA,NA,NA,NA,NA,213214084
2605,Oreochromis niloticus,NA,NA,NA,NA,NA,NA,152543417
2606,Orientus ishidae,NA,NA,NA,NA,NA,NA,213214056
2608,Origanum vulgare hirtum,NA,NA,NA,NA,NA,NA,152545691
2609,Oriolus auratus,NA,NA,NA,NA,NA,NA,159747269
2610,Orlaya daucoides,NA,NA,NA,NA,NA,NA,213215302
2619,Orobanche flava flava,NA,NA,NA,NA,NA,NA,213215431
2620,Orsillus depressus,NA,NA,NA,NA,NA,NA,213214235
2623,Orthomorpha coarctata,NA,NA,NA,NA,NA,NA,213214605
2626,Osmanthus heterophyllus,NA,NA,NA,NA,NA,NA,213215417
2627,Ostrya carpinifolia,NA,NA,NA,NA,NA,NA,213215358
2628,Otala lactea,NA,NA,NA,NA,NA,NA,213213522
2629,Otiorhynchus aurifer,NA,NA,NA,NA,NA,NA,182134454
2630,Otiorhynchus cribricollis,NA,NA,NA,NA,NA,NA,182134455
2631,Otiorhynchus indefinitus,NA,NA,NA,NA,NA,NA,156873354
2632,Otiorhynchus meridionalis,NA,NA,NA,NA,NA,NA,182134456
2639,Oxalis stricta,NA,NA,NA,NA,NA,NA,213214186
2643,Oxalis valdiviensis,NA,NA,NA,NA,NA,NA,213214189
2644,Oxidus gracilis,NA,NA,NA,NA,NA,NA,213214608
2645,Oxybasis glauca salina,NA,NA,NA,NA,NA,NA,213214961
2646,Oxybasis macrosperma,NA,NA,NA,NA,NA,NA,152545899
2647,Oxycarenus lavaterae,NA,NA,NA,NA,NA,NA,213214097
2648,Oxychloris scariosa,NA,NA,NA,NA,NA,NA,152547158
2649,Oxyria digyna,NA,NA,NA,NA,NA,NA,213214903
2652,Pachydactylus,NA,NA,NA,NA,NA,NA,213212513
2658,Paliurus spina-christi,NA,NA,NA,NA,NA,NA,152544757
2659,Panchlora nivea,NA,NA,NA,NA,NA,NA,213214391
2660,Panicum antidotale,NA,NA,NA,NA,NA,NA,152547100
2663,Panicum coloratum,NA,NA,NA,NA,NA,NA,152547098
2664,Panicum decompositum,NA,NA,NA,NA,NA,NA,152547095
2666,Panicum hillmanii,NA,NA,NA,NA,NA,NA,213212881
2667,Panicum hirticaule,NA,NA,NA,NA,NA,NA,152547097
2668,Panicum laevinode,NA,NA,NA,NA,NA,NA,152547093
2671,Panicum miliaceum miliaceum,NA,NA,NA,NA,NA,NA,152547092
2676,Pantherophis spiloides,NA,NA,NA,NA,NA,NA,213212473
2678,Papaver bracteatum,NA,NA,NA,NA,NA,NA,213214325
2679,Papaver cambricum,NA,NA,NA,NA,NA,NA,213214323
2683,Papaver orientale,NA,NA,NA,NA,NA,NA,213214331
2687,Papaver somniferum somniferum,NA,NA,NA,NA,NA,NA,152546402
2689,Parakontikia ventrolineata,NA,NA,NA,NA,NA,NA,213213341
2691,Paramesotriton labiatus,NA,NA,NA,NA,NA,NA,213213239
2692,Parapholis cylindrica,NA,NA,NA,NA,NA,NA,213212764
2698,Paronychia brasiliana,NA,NA,NA,NA,NA,NA,152546061
2700,Parthenocissus inserta,NA,NA,NA,NA,NA,NA,213213599
2704,Parthenothrips dracaenae,NA,NA,NA,NA,NA,NA,152544428
2707,Paspalum notatum,NA,NA,NA,NA,NA,NA,213212931
2709,Paspalum saurae,NA,NA,NA,NA,NA,NA,159747653
2711,Passerina ciris,NA,NA,NA,NA,NA,NA,213212788
2716,Pastinaca sativa sativa,NA,NA,NA,NA,NA,NA,152544506
2717,Pastinaca sativa urens,NA,NA,NA,NA,NA,NA,152544504
2720,Paysandisia archon,NA,NA,NA,NA,NA,NA,152544309
2721,Pectinatella magnifica,NA,NA,NA,NA,NA,NA,213214894
2723,Pelargonium capitatum,NA,NA,NA,NA,NA,NA,213214042
2727,Pellenes geniculatus,NA,NA,NA,NA,NA,NA,152544112
2728,Pelodiscus sinensis,NA,NA,NA,NA,NA,NA,213213157
2729,Pelomedusa subrufa,NA,NA,NA,NA,NA,NA,182133921
2731,Pelophylax perezi,NA,NA,NA,NA,NA,NA,213213205
2733,Pelusios castaneus,NA,NA,NA,NA,NA,NA,182133918
2734,Penaeus aztecus,NA,NA,NA,NA,NA,NA,182134007
2737,Pentameris airoides,NA,NA,NA,NA,NA,NA,213213104
2738,Pentanema hirtum,NA,NA,NA,NA,NA,NA,213215082
2739,Pentanema spiraeifolium,NA,NA,NA,NA,NA,NA,213215083
2741,Periplaneta americana,NA,NA,NA,NA,NA,NA,213214380
2742,Periplaneta australasiae,NA,NA,NA,NA,NA,NA,213214381
2743,Periploca graeca,NA,NA,NA,NA,NA,NA,152545242
2748,Persicaria filiformis,NA,NA,NA,NA,NA,NA,213214917
2749,Persicaria glabra,NA,NA,NA,NA,NA,NA,213214916
2752,Persicaria pensylvanica,NA,NA,NA,NA,NA,NA,213214915
2755,Petasites japonicus japonicus,NA,NA,NA,NA,NA,NA,213215199
2758,Petrorhagia nanteuilii,NA,NA,NA,NA,NA,NA,152546085
2760,Petrosedum ochroleucum,NA,NA,NA,NA,NA,NA,213213666
2762,Petroselinum crispum,NA,NA,NA,NA,NA,NA,213215280
2763,Petroselinum crispum crispum,NA,NA,NA,NA,NA,NA,213215279
2764,Petunia atkinsiana,NA,NA,NA,NA,NA,NA,213213490
2767,Phacelia purshii,NA,NA,NA,NA,NA,NA,152545482
2769,Phaeostachys spinifera,NA,NA,NA,NA,NA,NA,159748469
2770,Phalacrocorax auritus,NA,NA,NA,NA,NA,NA,159747348
2771,Phalaris angusta,NA,NA,NA,NA,NA,NA,152546823
2776,Phalaris coerulescens,NA,NA,NA,NA,NA,NA,152546828
2779,Phalaris platensis,NA,NA,NA,NA,NA,NA,152546821
2785,Phedimus aizoon,NA,NA,NA,NA,NA,NA,213213654
2786,Phedimus hybridus,NA,NA,NA,NA,NA,NA,213213650
2787,Phedimus kamtschaticus,NA,NA,NA,NA,NA,NA,213213653
2789,Phedimus spurius spurius,NA,NA,NA,NA,NA,NA,213213646
2790,Phedimus stolonifer,NA,NA,NA,NA,NA,NA,213213648
2792,Pheidole bilimeki,NA,NA,NA,NA,NA,NA,152544508
2794,Phelsuma,NA,NA,NA,NA,NA,NA,182133849
2795,Phidippus,NA,NA,NA,NA,NA,NA,152544105
2797,Philadelphus microphyllus,NA,NA,NA,NA,NA,NA,213214682
2799,Philadelphus virginalis,NA,NA,NA,NA,NA,NA,152544942
2802,Phlebodium aureum,NA,NA,NA,NA,NA,NA,213213243
2803,Phleum echinatum,NA,NA,NA,NA,NA,NA,152547138
2805,Phleum hirsutum,NA,NA,NA,NA,NA,NA,152547137
2807,Phleum subulatum,NA,NA,NA,NA,NA,NA,152547139
2817,Pholcus,NA,NA,NA,NA,NA,NA,152544210
2818,Pholcus opilionoides,NA,NA,NA,NA,NA,NA,152544212
2820,Pholiurus pannonicus,NA,NA,NA,NA,NA,NA,152546913
2821,Phoneutria boliviensis,NA,NA,NA,NA,NA,NA,152544220
2822,Phoneutria nigriventer,NA,NA,NA,NA,NA,NA,152544221
2823,Phonipara canora,NA,NA,NA,NA,NA,NA,213212822
2824,Phormictopus cancerides,NA,NA,NA,NA,NA,NA,152544186
2826,Phuopsis stylosa,NA,NA,NA,NA,NA,NA,213215257
2828,Phyla nodiflora minor,NA,NA,NA,NA,NA,NA,152545787
2829,Phyllanthus tenellus,NA,NA,NA,NA,NA,NA,152546457
2830,Phyllocnistis citrella,NA,NA,NA,NA,NA,NA,213213945
2832,Phyllostachys sulphurea,NA,NA,NA,NA,NA,NA,213212972
2834,Physalis angulata,NA,NA,NA,NA,NA,NA,213213517
2835,Physalis cinerascens,NA,NA,NA,NA,NA,NA,152544954
2837,Physalis ixocarpa,NA,NA,NA,NA,NA,NA,213213515
2838,Physalis longifolia subglabrata,NA,NA,NA,NA,NA,NA,213213519
2844,Physignathus cocincinus,NA,NA,NA,NA,NA,NA,182133805
2849,Phytomyza jucunda,NA,NA,NA,NA,NA,NA,182134322
2854,Pilea hyalina,NA,NA,NA,NA,NA,NA,152544771
2860,Pilosella flagellaris,NA,NA,NA,NA,NA,NA,213215142
2861,Pilosella fuscoatra,NA,NA,NA,NA,NA,NA,152544087
2865,Pilosella visianii,NA,NA,NA,NA,NA,NA,213215143
2868,Pimpinella aromatica,NA,NA,NA,NA,NA,NA,213215309
2870,Pinellia tripartita,NA,NA,NA,NA,NA,NA,213212605
2871,Pinus contorta,NA,NA,NA,NA,NA,NA,213213328
2872,Pinus mugo,NA,NA,NA,NA,NA,NA,213213333
2875,Pinus nigra laricio,NA,NA,NA,NA,NA,NA,152546507
2876,Pinus nigra nigra,NA,NA,NA,NA,NA,NA,152546508
2879,Pinus rigida,NA,NA,NA,NA,NA,NA,213213335
2885,Pisum sativum sativum,NA,NA,NA,NA,NA,NA,152545091
2886,Pithyotettix abietinus,NA,NA,NA,NA,NA,NA,213214059
2887,Pituophis catenifer,NA,NA,NA,NA,NA,NA,182133751
2888,Pituophis melanoleucus,NA,NA,NA,NA,NA,NA,182133749
2889,Placobdella ornata,NA,NA,NA,NA,NA,NA,213213324
2893,Plantago aristata,NA,NA,NA,NA,NA,NA,213215549
2894,Plantago heterophylla,NA,NA,NA,NA,NA,NA,152545673
2896,Plantago loeflingii,NA,NA,NA,NA,NA,NA,152545666
2897,Plantago myosuros,NA,NA,NA,NA,NA,NA,152545669
2898,Plantago ovata,NA,NA,NA,NA,NA,NA,152545671
2901,Platanus hispanica,NA,NA,NA,NA,NA,NA,213215324
2903,Platycercus adscitus,NA,NA,NA,NA,NA,NA,159747388
2910,Pleioblastus argenteostriatus,NA,NA,NA,NA,NA,NA,213213048
2911,Pleioblastus distichus,NA,NA,NA,NA,NA,NA,213213046
2913,Plexippus paykulli,NA,NA,NA,NA,NA,NA,152544118
2917,Poa alpina,NA,NA,NA,NA,NA,NA,152546969
2919,Poa persica,NA,NA,NA,NA,NA,NA,213212866
2920,Poa sieberiana,NA,NA,NA,NA,NA,NA,152546968
2921,Podarcis liolepis,NA,NA,NA,NA,NA,NA,213212499
2924,Podolepis aristata auriculata,NA,NA,NA,NA,NA,NA,213215173
2925,Podophyllum peltatum,NA,NA,NA,NA,NA,NA,213214350
2926,Poecilia reticulata,NA,NA,NA,NA,NA,NA,213213119
2927,Pogona,NA,NA,NA,NA,NA,NA,182133797
2928,Pogona henrylawsoni,NA,NA,NA,NA,NA,NA,182133800
2929,Pogona vitticeps,NA,NA,NA,NA,NA,NA,182133799
2936,Polygonum achoreum,NA,NA,NA,NA,NA,NA,152546111
2937,Polygonum arenarium,NA,NA,NA,NA,NA,NA,213214906
2938,Polygonum arenarium pulchellum,NA,NA,NA,NA,NA,NA,213214907
2939,Polygonum argyrocoleum,NA,NA,NA,NA,NA,NA,152546108
2941,Polygonum aviculare rurivagum,NA,NA,NA,NA,NA,NA,152546110
2943,Polygonum patulum,NA,NA,NA,NA,NA,NA,152546112
2944,Polygonum plebeium,NA,NA,NA,NA,NA,NA,213214908
2945,Polypodium hesperium,NA,NA,NA,NA,NA,NA,152547198
2946,Polypogon chilensis,NA,NA,NA,NA,NA,NA,152546856
2947,Polypogon elongatus,NA,NA,NA,NA,NA,NA,152546861
2948,Polypogon fugax,NA,NA,NA,NA,NA,NA,152546860
2949,Polypogon imberbis,NA,NA,NA,NA,NA,NA,213212744
2956,Polystichum polyblepharon,NA,NA,NA,NA,NA,NA,152547217
2962,Pontederia crassipes,NA,NA,NA,NA,NA,NA,213212588
2964,Populicerus albicans,NA,NA,NA,NA,NA,NA,213214078
2967,Populus berolinensis,NA,NA,NA,NA,NA,NA,213214746
2968,Populus canadensis,NA,NA,NA,NA,NA,NA,152546471
2969,Populus canescens,NA,NA,NA,NA,NA,NA,152546473
2971,Populus jackii,NA,NA,NA,NA,NA,NA,182134733
2972,Populus nigra italica,NA,NA,NA,NA,NA,NA,213214743
2973,Populus trichocarpa,NA,NA,NA,NA,NA,NA,213214744
2977,Porcellionides cingendus,NA,NA,NA,NA,NA,NA,213214464
2978,Porphyrio poliocephalus,NA,NA,NA,NA,NA,NA,213213014
2980,Portulaca cypria,NA,NA,NA,NA,NA,NA,152546013
2983,Portulaca macrantha,NA,NA,NA,NA,NA,NA,213214842
2984,Portulaca nitida,NA,NA,NA,NA,NA,NA,152546010
2987,Portulaca trituberculata,NA,NA,NA,NA,NA,NA,152546009
2990,Potamothrix heuscheri,NA,NA,NA,NA,NA,NA,152543692
2992,Potamothrix vejdovskyi,NA,NA,NA,NA,NA,NA,152543695
2993,Potentilla argyrophylla atrosanguinea,NA,NA,NA,NA,NA,NA,213215744
3002,Potentilla recta obscura,NA,NA,NA,NA,NA,NA,152544802
3003,Potentilla recta recta,NA,NA,NA,NA,NA,NA,152544803
3006,Potentilla supina costata,NA,NA,NA,NA,NA,NA,152544800
3007,Poterium sanguisorba polygamum,NA,NA,NA,NA,NA,NA,213215712
3008,Pourthiaea beauverdiana,NA,NA,NA,NA,NA,NA,213215669
3009,Pourthiaea villosa,NA,NA,NA,NA,NA,NA,213215668
3010,Prays citri,NA,NA,NA,NA,NA,NA,213214000
3017,Procambarus acutus,NA,NA,NA,NA,NA,NA,213214569
3019,Procyon cancrivorus,NA,NA,NA,NA,NA,NA,152543327
3023,Prunella grandiflora,NA,NA,NA,NA,NA,NA,213215480
3029,Prunus domestica domestica,NA,NA,NA,NA,NA,NA,152544898
3030,Prunus domestica insititia,NA,NA,NA,NA,NA,NA,213215714
3031,Prunus domestica syriaca,NA,NA,NA,NA,NA,NA,213215716
3032,Prunus fruticans,NA,NA,NA,NA,NA,NA,152544904
3033,Prunus incisa,NA,NA,NA,NA,NA,NA,213215720
3036,Prunus persica,NA,NA,NA,NA,NA,NA,213215718
3038,Prunus serrulata,NA,NA,NA,NA,NA,NA,213215719
3043,Psephellus dealbatus,NA,NA,NA,NA,NA,NA,152543908
3045,Pseudagrion microcephalum,NA,NA,NA,NA,NA,NA,152544412
3048,Pseudemys rubriventris,NA,NA,NA,NA,NA,NA,182133911
3049,Pseudococcus longispinus,NA,NA,NA,NA,NA,NA,213214206
3050,Pseudodiaptomus marinus,NA,NA,NA,NA,NA,NA,182134126
3053,Pseudognaphalium undulatum,NA,NA,NA,NA,NA,NA,152544343
3059,Psiloteredo megotara,NA,NA,NA,NA,NA,NA,152543766
3060,Psittacula alexandri,NA,NA,NA,NA,NA,NA,159747373
3062,Psittacula derbiana,NA,NA,NA,NA,NA,NA,159747376
3066,Psoquilla marginepunctata,NA,NA,NA,NA,NA,NA,152544607
3071,Pteris vittata,NA,NA,NA,NA,NA,NA,152547203
3072,Pterocarya fraxinifolia,NA,NA,NA,NA,NA,NA,213215375
3073,Pterocarya rehderiana,NA,NA,NA,NA,NA,NA,213215374
3074,Pteronetta hartlaubii,NA,NA,NA,NA,NA,NA,159747111
3076,Ptilotus spicatus,NA,NA,NA,NA,NA,NA,152545907
3077,Puccinellia stricta,NA,NA,NA,NA,NA,NA,152546898
3078,Puccinia antirrhini,NA,NA,NA,NA,NA,NA,152543183
3079,Puccinia conglomerata,NA,NA,NA,NA,NA,NA,213212288
3080,Puccinia grisea,NA,NA,NA,NA,NA,NA,213212281
3081,Puccinia helianthi-mollis,NA,NA,NA,NA,NA,NA,213212282
3083,Puccinia nigrescens,NA,NA,NA,NA,NA,NA,213212276
3084,Puccinia oreoselini,NA,NA,NA,NA,NA,NA,213212274
3086,Puccinia pazschkei,NA,NA,NA,NA,NA,NA,152543176
3087,Puccinia porphyrogenita,NA,NA,NA,NA,NA,NA,213212271
3088,Puccinia smyrnii,NA,NA,NA,NA,NA,NA,213212273
3089,Puccinia soldanellae,NA,NA,NA,NA,NA,NA,213212286
3090,Puccinia sorghi,NA,NA,NA,NA,NA,NA,152543187
3091,Puccinia subnitens,NA,NA,NA,NA,NA,NA,213212284
3092,Puccinia umbilici,NA,NA,NA,NA,NA,NA,213212278
3094,Pulicaria arabica arabica,NA,NA,NA,NA,NA,NA,213215131
3095,Pulicaria arabica hispanica,NA,NA,NA,NA,NA,NA,182134916
3102,Pulvinaria floccifera,NA,NA,NA,NA,NA,NA,213214154
3103,Pulvinaria hydrangeae,NA,NA,NA,NA,NA,NA,213214151
3104,Pulvinaria regalis,NA,NA,NA,NA,NA,NA,213214153
3106,Pycnanthemum verticillatum,NA,NA,NA,NA,NA,NA,213215454
3107,Pycnanthemum verticillatum pilosum,NA,NA,NA,NA,NA,NA,213215453
3108,Pycnomerus sulcicollis,NA,NA,NA,NA,NA,NA,213214336
3109,Pycnonotus barbatus,NA,NA,NA,NA,NA,NA,159747229
3113,Pyracantha coccinea,NA,NA,NA,NA,NA,NA,213215675
3114,Pyracantha fortuneana,NA,NA,NA,NA,NA,NA,213215676
3115,Pyrrhula erythaca,NA,NA,NA,NA,NA,NA,159747216
3116,Pyrrhura molinae,NA,NA,NA,NA,NA,NA,213212934
3117,Pyrrhura perlata,NA,NA,NA,NA,NA,NA,159747422
3118,Pyrus calleryana,NA,NA,NA,NA,NA,NA,213215684
3120,Pyrus communis communis,NA,NA,NA,NA,NA,NA,152544786
3121,Python,NA,NA,NA,NA,NA,NA,182133783
3122,Python molurus,NA,NA,NA,NA,NA,NA,182133787
3125,Quercus coccinea,NA,NA,NA,NA,NA,NA,213215363
3126,Quercus conferta,NA,NA,NA,NA,NA,NA,213215366
3130,Quercus pyrenaica,NA,NA,NA,NA,NA,NA,213215365
3132,Quercus suber,NA,NA,NA,NA,NA,NA,213215364
3136,Radix rubiginosa,NA,NA,NA,NA,NA,NA,213213540
3137,Raglius alboacuminatus,NA,NA,NA,NA,NA,NA,213214039
3140,Ranunculus lanuginosus,NA,NA,NA,NA,NA,NA,152546331
3148,Raphanus raphanistrum landra,NA,NA,NA,NA,NA,NA,152545400
3153,Rattus rattus,NA,NA,NA,NA,NA,NA,213212272
3154,Reductoniscus costulatus,NA,NA,NA,NA,NA,NA,152543911
3155,Reesa vespulae,NA,NA,NA,NA,NA,NA,213214322
3157,Reseda lutea vivantii,NA,NA,NA,NA,NA,NA,152545471
3160,Reyllopia conollyana,NA,NA,NA,NA,NA,NA,182135072
3161,Reynoutria bohemica,NA,NA,NA,NA,NA,NA,152546128
3162,Reynoutria compacta,NA,NA,NA,NA,NA,NA,213214891
3166,Rhacocleis annulata,NA,NA,NA,NA,NA,NA,213213773
3168,Rhagoletis cingulata,NA,NA,NA,NA,NA,NA,213214418
3169,Rhagoletis completa,NA,NA,NA,NA,NA,NA,213214420
3170,Rhamnus alaternus,NA,NA,NA,NA,NA,NA,213215639
3171,Rhamphiophis,NA,NA,NA,NA,NA,NA,182133765
3172,Rhaphiolepis bibas,NA,NA,NA,NA,NA,NA,213215673
3176,Rhinella marina,NA,NA,NA,NA,NA,NA,152543377
3178,Rhodanthe floribunda,NA,NA,NA,NA,NA,NA,152543990
3179,Rhodanthe stricta,NA,NA,NA,NA,NA,NA,159748874
3182,Rhododendron tomentosum,NA,NA,NA,NA,NA,NA,213215599
3183,Rhodospiza obsoleta,NA,NA,NA,NA,NA,NA,159747219
3185,Rhus glabra,NA,NA,NA,NA,NA,NA,213214250
3186,Rhus pulvinata,NA,NA,NA,NA,NA,NA,152543306
3189,Rhynchophorus ferrugineus,NA,NA,NA,NA,NA,NA,213214354
3191,Rhyzobius lophanthae,NA,NA,NA,NA,NA,NA,213214372
3193,Ribes aureum,NA,NA,NA,NA,NA,NA,213213621
3194,Ribes aureum villosum,NA,NA,NA,NA,NA,NA,213213619
3196,Ribes nidigrolaria,NA,NA,NA,NA,NA,NA,182133937
3202,Rodgersia aesculifolia,NA,NA,NA,NA,NA,NA,152544685
3204,Roemeria hispida,NA,NA,NA,NA,NA,NA,213214305
3206,Rorippa anceps,NA,NA,NA,NA,NA,NA,213214564
3208,Rorippa pyrenaica,NA,NA,NA,NA,NA,NA,213214566
3209,Rosa blanda,NA,NA,NA,NA,NA,NA,152544877
3210,Rosa carolina carolina,NA,NA,NA,NA,NA,NA,213215722
3212,Rosa gallica,NA,NA,NA,NA,NA,NA,213215724
3214,Rosa majalis,NA,NA,NA,NA,NA,NA,152544876
3221,Rosalia alpina,NA,NA,NA,NA,NA,NA,213214310
3227,Rubus nutkanus,NA,NA,NA,NA,NA,NA,213215707
3230,Rubus setchuenensis,NA,NA,NA,NA,NA,NA,213215706
3233,Rudbeckia amplexicaulis,NA,NA,NA,NA,NA,NA,152544178
3239,Rumex altissimus,NA,NA,NA,NA,NA,NA,152546147
3240,Rumex brownii,NA,NA,NA,NA,NA,NA,213214875
3243,Rumex confusus,NA,NA,NA,NA,NA,NA,152546146
3244,Rumex crispus robustus,NA,NA,NA,NA,NA,NA,213214862
3247,Rumex erubescens,NA,NA,NA,NA,NA,NA,152546140
3248,Rumex fueginus,NA,NA,NA,NA,NA,NA,213214878
3249,Rumex hybridus,NA,NA,NA,NA,NA,NA,182135076
3250,Rumex hypogaeus,NA,NA,NA,NA,NA,NA,213214887
3255,Rumex obtusifolius sylvestris,NA,NA,NA,NA,NA,NA,152546138
3260,Rumex pulcher pulcher,NA,NA,NA,NA,NA,NA,152546143
3261,Rumex pulcher woodsii,NA,NA,NA,NA,NA,NA,152546136
3263,Rumex salicifolius,NA,NA,NA,NA,NA,NA,213214867
3264,Rumex salicifolius triangulivalvis,NA,NA,NA,NA,NA,NA,213214873
3265,Rumex spinosus,NA,NA,NA,NA,NA,NA,159749116
3269,Rumohra adiantiformis,NA,NA,NA,NA,NA,NA,152547220
3273,Rytidosperma gracile,NA,NA,NA,NA,NA,NA,152546935
3274,Rytidosperma setaceum,NA,NA,NA,NA,NA,NA,213212700
3275,Rytidosperma tenuius,NA,NA,NA,NA,NA,NA,152546934
3276,Rytidosperma thomsonii,NA,NA,NA,NA,NA,NA,152546936
3277,Sabulina mediterranea,NA,NA,NA,NA,NA,NA,213214990
3278,Sagina alexandrae,NA,NA,NA,NA,NA,NA,213214985
3280,Sagittaria graminea,NA,NA,NA,NA,NA,NA,213212594
3282,Saissetia oleae,NA,NA,NA,NA,NA,NA,213214149
3283,Saitis barbipes,NA,NA,NA,NA,NA,NA,152544108
3286,Salix alba alba,NA,NA,NA,NA,NA,NA,213214764
3287,Salix babylonica,NA,NA,NA,NA,NA,NA,213214766
3289,Salix dolichostachya,NA,NA,NA,NA,NA,NA,213214763
3290,Salix elaeagnos angustifolia,NA,NA,NA,NA,NA,NA,213214752
3291,Salix eleagnos,NA,NA,NA,NA,NA,NA,213214751
3293,Salix exigua,NA,NA,NA,NA,NA,NA,213214754
3294,Salix gmelinii,NA,NA,NA,NA,NA,NA,213214768
3295,Salix interior,NA,NA,NA,NA,NA,NA,213214765
3297,Salix lapponum,NA,NA,NA,NA,NA,NA,213214756
3301,Salix purpurea purpurea,NA,NA,NA,NA,NA,NA,213214761
3302,Salix rorida,NA,NA,NA,NA,NA,NA,213214759
3303,Salix sepulcralis chrysocoma,NA,NA,NA,NA,NA,NA,182134731
3306,Salpiglossis sinuata,NA,NA,NA,NA,NA,NA,152544997
3308,Salvia abrotanoides,NA,NA,NA,NA,NA,NA,213215467
3309,Salvia aethiopis,NA,NA,NA,NA,NA,NA,152545768
3312,Salvia lavandulifolia gallica,NA,NA,NA,NA,NA,NA,213215469
3316,Salvia rosmarinus,NA,NA,NA,NA,NA,NA,213215470
3318,Salvia splendens,NA,NA,NA,NA,NA,NA,213215471
3319,Salvia uliginosa,NA,NA,NA,NA,NA,NA,213215472
3323,Salvia yangii,NA,NA,NA,NA,NA,NA,213215468
3327,Samia cynthia,NA,NA,NA,NA,NA,NA,213213967
3329,Sanicula epipactis,NA,NA,NA,NA,NA,NA,213215283
3331,Santolina rosmarinifolia,NA,NA,NA,NA,NA,NA,152544065
3332,Sanvitalia procumbens,NA,NA,NA,NA,NA,NA,213215126
3335,Sarcococca coriacea,NA,NA,NA,NA,NA,NA,213214202
3336,Sarcophilus harrisii,NA,NA,NA,NA,NA,NA,152543348
3337,Sargassum muticum,NA,NA,NA,NA,NA,NA,213212212
3343,Sassafras albidum,NA,NA,NA,NA,NA,NA,213214050
3348,Saxifraga arendsii,NA,NA,NA,NA,NA,NA,152544688
3349,Saxifraga cymbalaria,NA,NA,NA,NA,NA,NA,152544692
3350,Saxifraga geum,NA,NA,NA,NA,NA,NA,152544689
3352,Saxifraga stolonifera,NA,NA,NA,NA,NA,NA,213213689
3353,Saxifraga urbium,NA,NA,NA,NA,NA,NA,152544691
3356,Scabiosa atropurpurea,NA,NA,NA,NA,NA,NA,213215392
3358,Scabiosa nitens,NA,NA,NA,NA,NA,NA,213215383
3360,Scaevola aemula,NA,NA,NA,NA,NA,NA,152543557
3361,Scandix australis grandiflora,NA,NA,NA,NA,NA,NA,152544565
3362,Scandix balansae,NA,NA,NA,NA,NA,NA,152544567
3364,Scandix stellata,NA,NA,NA,NA,NA,NA,152544562
3367,Sceliphron curvatum,NA,NA,NA,NA,NA,NA,213213825
3368,Sceliphron destillatorium,NA,NA,NA,NA,NA,NA,213213826
3369,Sceliphron spirifex,NA,NA,NA,NA,NA,NA,213213827
3370,Schiffermuelleria bruandella,NA,NA,NA,NA,NA,NA,213214010
3371,Schismus barbatus,NA,NA,NA,NA,NA,NA,152546974
3372,Schistocerca gregaria,NA,NA,NA,NA,NA,NA,213213755
3374,Schmidtia kalahariensis,NA,NA,NA,NA,NA,NA,152546796
3376,Scilla forbesii,NA,NA,NA,NA,NA,NA,213212488
3380,Scirpus atrovirens,NA,NA,NA,NA,NA,NA,213213199
3382,Scirpus georgianus,NA,NA,NA,NA,NA,NA,213213201
3383,Scirtothrips longipennis,NA,NA,NA,NA,NA,NA,152544448
3386,Sclerolaena muricata,NA,NA,NA,NA,NA,NA,152545901
3390,Scorpiurus muricatus,NA,NA,NA,NA,NA,NA,213213954
3391,Scorpiurus vermiculatus,NA,NA,NA,NA,NA,NA,152545083
3392,Scorzonera hispanica,NA,NA,NA,NA,NA,NA,213215216
3394,Scrophularia lanceolata,NA,NA,NA,NA,NA,NA,152545617
3395,Scrophularia peregrina,NA,NA,NA,NA,NA,NA,182134600
3396,Scrophularia pyrenaica,NA,NA,NA,NA,NA,NA,213215497
3397,Scrophularia scopolii,NA,NA,NA,NA,NA,NA,152545616
3401,Scutellaria columnae,NA,NA,NA,NA,NA,NA,213215486
3404,Secale derzhavinii,NA,NA,NA,NA,NA,NA,213213062
3405,Secale strictum,NA,NA,NA,NA,NA,NA,213213060
3409,Sedum lydium,NA,NA,NA,NA,NA,NA,213213662
3410,Sedum mexicanum,NA,NA,NA,NA,NA,NA,213213660
3413,Sedum sediforme,NA,NA,NA,NA,NA,NA,213213669
3415,Seifertia azaleae,NA,NA,NA,NA,NA,NA,182132928
3417,Selenops radiatus,NA,NA,NA,NA,NA,NA,152544194
3419,Sempervivum arachnoideum,NA,NA,NA,NA,NA,NA,213213638
3420,Sempervivum barbulatum,NA,NA,NA,NA,NA,NA,152544723
3423,Senecio gallicus,NA,NA,NA,NA,NA,NA,152544273
3424,Senecio glossanthus,NA,NA,NA,NA,NA,NA,213215060
3427,Senecio quadridentatus,NA,NA,NA,NA,NA,NA,213215062
3428,Senecio saracenicus,NA,NA,NA,NA,NA,NA,213215061
3434,Sequoiadendron giganteum,NA,NA,NA,NA,NA,NA,213213295
3435,Serapias lingua,NA,NA,NA,NA,NA,NA,152546632
3438,Sesbania cannabina,NA,NA,NA,NA,NA,NA,182134180
3439,Sesbania herbacea,NA,NA,NA,NA,NA,NA,213213924
3440,Seseli montanum,NA,NA,NA,NA,NA,NA,213215287
3441,Sesuvium portulacastrum,NA,NA,NA,NA,NA,NA,152546028
3442,Setaria adhaerens,NA,NA,NA,NA,NA,NA,213213132
3443,Setaria dielsii,NA,NA,NA,NA,NA,NA,152546832
3447,Setaria pumila,NA,NA,NA,NA,NA,NA,213213133
3451,Setaria verticillata verticillata,NA,NA,NA,NA,NA,NA,152546831
3453,Shinnersia rivularis,NA,NA,NA,NA,NA,NA,213215033
3454,Sibbaldia tridentata,NA,NA,NA,NA,NA,NA,213215709
3455,Sibirionetta formosa,NA,NA,NA,NA,NA,NA,213212669
3459,Sidalcea candida,NA,NA,NA,NA,NA,NA,152546256
3460,Sidalcea oregana,NA,NA,NA,NA,NA,NA,213215328
3463,Sigesbeckia jorullensis,NA,NA,NA,NA,NA,NA,213215151
3466,Silene badaroi,NA,NA,NA,NA,NA,NA,213215005
3471,Silene cretica,NA,NA,NA,NA,NA,NA,152546047
3472,Silene csereii,NA,NA,NA,NA,NA,NA,213215000
3476,Silene linicola,NA,NA,NA,NA,NA,NA,213214999
3478,Silene nocturna nocturna,NA,NA,NA,NA,NA,NA,152546050
3481,Silene scabriflora,NA,NA,NA,NA,NA,NA,213215004
3484,Silene uniflora,NA,NA,NA,NA,NA,NA,213215002
3485,Silene viscosa,NA,NA,NA,NA,NA,NA,152546048
3486,Silene vulgaris vulgaris,NA,NA,NA,NA,NA,NA,213215001
3493,Sinapis alba dissecta,NA,NA,NA,NA,NA,NA,152545466
3494,Sinelobus stanfordi,NA,NA,NA,NA,NA,NA,159747996
3495,Sinelobus vanhaareni,NA,NA,NA,NA,NA,NA,152543833
3496,Siren intermedia,NA,NA,NA,NA,NA,NA,182133525
3497,Sistrurus,NA,NA,NA,NA,NA,NA,182133843
3500,Sisymbrium chrysanthum,NA,NA,NA,NA,NA,NA,213214571
3505,Sisymbrium runcinatum,NA,NA,NA,NA,NA,NA,152545415
3506,Sisymbrium septulatum,NA,NA,NA,NA,NA,NA,152545417
3507,Sisymbrium strictissimum,NA,NA,NA,NA,NA,NA,152545414
3514,Skimmia reevesiana,NA,NA,NA,NA,NA,NA,213214266
3516,Smilax rotundifolia,NA,NA,NA,NA,NA,NA,152546603
3517,Smyrnium olusatrum,NA,NA,NA,NA,NA,NA,213215312
3519,Solanum aethiopicum,NA,NA,NA,NA,NA,NA,213213547
3520,Solanum americanum,NA,NA,NA,NA,NA,NA,213213531
3521,Solanum angustifolium,NA,NA,NA,NA,NA,NA,213213534
3524,Solanum decipiens,NA,NA,NA,NA,NA,NA,213213541
3527,Solanum nitidibaccatum,NA,NA,NA,NA,NA,NA,213213536
3528,Solanum pimpinellifolium,NA,NA,NA,NA,NA,NA,213213539
3530,Solanum pygmaeum,NA,NA,NA,NA,NA,NA,152544995
3532,Solanum sarrachoides,NA,NA,NA,NA,NA,NA,152544990
3534,Solanum triflorum,NA,NA,NA,NA,NA,NA,213213543
3539,Solanum villosum villosum,NA,NA,NA,NA,NA,NA,152544984
3546,Soliva sessilis,NA,NA,NA,NA,NA,NA,213215176
3547,Sonchus asper glaucescens,NA,NA,NA,NA,NA,NA,213215134
3552,Sorbus latifolia,NA,NA,NA,NA,NA,NA,213215741
3556,Spatula cyanoptera,NA,NA,NA,NA,NA,NA,213212724
3557,Spatula cyanoptera cyanoptera,NA,NA,NA,NA,NA,NA,213212726
3558,Spatula hottentota,NA,NA,NA,NA,NA,NA,213212722
3559,Spatula puna,NA,NA,NA,NA,NA,NA,213212720
3560,Spatula rhynchotis,NA,NA,NA,NA,NA,NA,213212719
3561,Spatula versicolor,NA,NA,NA,NA,NA,NA,213212727
3562,Spatula versicolor versicolor,NA,NA,NA,NA,NA,NA,213212725
3564,Spermophora senoculata,NA,NA,NA,NA,NA,NA,152544202
3566,Spilopelia chinensis,NA,NA,NA,NA,NA,NA,213213059
3567,Spilopelia senegalensis,NA,NA,NA,NA,NA,NA,213213058
3568,Spilotes pullatus,NA,NA,NA,NA,NA,NA,182133743
3570,Spinus magellanicus,NA,NA,NA,NA,NA,NA,213212796
3572,Spiraea billardii,NA,NA,NA,NA,NA,NA,152544861
3573,Spiraea brachybotrys,NA,NA,NA,NA,NA,NA,213215730
3575,Spiraea cantoniensis,NA,NA,NA,NA,NA,NA,213215729
3576,Spiraea chamaedryfolia,NA,NA,NA,NA,NA,NA,213215731
3580,Spiraea macrothyrsa,NA,NA,NA,NA,NA,NA,152544865
3582,Spiraea rosalba,NA,NA,NA,NA,NA,NA,152544863
3583,Spiraea salicifolia,NA,NA,NA,NA,NA,NA,213215726
3584,Spiraea thunbergii,NA,NA,NA,NA,NA,NA,213215728
3586,Spiraea vanhouttei,NA,NA,NA,NA,NA,NA,213215727
3589,Spiranthes cernua,NA,NA,NA,NA,NA,NA,213212557
3591,Spirodela punctata,NA,NA,NA,NA,NA,NA,213212609
3592,Spizaetus melanoleucus,NA,NA,NA,NA,NA,NA,159747121
3593,Sporisorium destruens,NA,NA,NA,NA,NA,NA,152543128
3594,Sporobolus aculeatus,NA,NA,NA,NA,NA,NA,213212731
3595,Sporobolus advenus,NA,NA,NA,NA,NA,NA,213212721
3596,Sporobolus africanus,NA,NA,NA,NA,NA,NA,152547083
3597,Sporobolus alopecuroides,NA,NA,NA,NA,NA,NA,213212723
3598,Sporobolus anglicus,NA,NA,NA,NA,NA,NA,213212728
3599,Sporobolus caroli,NA,NA,NA,NA,NA,NA,152547084
3600,Sporobolus creber,NA,NA,NA,NA,NA,NA,152547082
3601,Sporobolus elongatus,NA,NA,NA,NA,NA,NA,152547085
3603,Sporobolus michauxianus,NA,NA,NA,NA,NA,NA,213212730
3604,Sporobolus schoenoides,NA,NA,NA,NA,NA,NA,213212717
3606,Stachys atherocalyx,NA,NA,NA,NA,NA,NA,152545752
3608,Stachys cretica,NA,NA,NA,NA,NA,NA,152545753
3612,Steatoda paykulliana,NA,NA,NA,NA,NA,NA,152544152
3613,Stelidota geminata,NA,NA,NA,NA,NA,NA,152544545
3615,Stenopelmus rufinasus,NA,NA,NA,NA,NA,NA,213214349
3616,Stephanitis oberti,NA,NA,NA,NA,NA,NA,213214161
3618,Stephanitis takeyai,NA,NA,NA,NA,NA,NA,213214162
3619,Sternotherus carinatus,NA,NA,NA,NA,NA,NA,182133860
3620,Sthenarus rotermundi,NA,NA,NA,NA,NA,NA,213214119
3621,Stictocephala bisonia,NA,NA,NA,NA,NA,NA,213214262
3623,Stipagrostis pungens,NA,NA,NA,NA,NA,NA,152546923
3624,Stragania apicalis,NA,NA,NA,NA,NA,NA,213214071
3628,Streptopelia tranquebarica,NA,NA,NA,NA,NA,NA,159746966
3629,Strigosella africana,NA,NA,NA,NA,NA,NA,213214551
3631,Strix uralensis,NA,NA,NA,NA,NA,NA,213213009
3632,Stropholoma aurantiacum,NA,NA,NA,NA,NA,NA,159746880
3633,Stuartina muelleri,NA,NA,NA,NA,NA,NA,152544073
3634,Sturnia pagodarum,NA,NA,NA,NA,NA,NA,213212832
3638,Sufetula diminutalis,NA,NA,NA,NA,NA,NA,213213928
3639,Sulla coronaria,NA,NA,NA,NA,NA,NA,213213885
3640,Suricata suricatta,NA,NA,NA,NA,NA,NA,213212327
3641,Sylvilagus floridanus,NA,NA,NA,NA,NA,NA,152543358
3643,Symphoricarpos doorenbosii,NA,NA,NA,NA,NA,NA,213215387
3646,Symphyotrichum dumosum,NA,NA,NA,NA,NA,NA,213215196
3647,Symphyotrichum laeve,NA,NA,NA,NA,NA,NA,213215195
3653,Symphyotrichum racemosum,NA,NA,NA,NA,NA,NA,152544394
3654,Symphyotrichum salignum,NA,NA,NA,NA,NA,NA,152544398
3660,Symphytum hidcotense,NA,NA,NA,NA,NA,NA,152545513
3662,Synarmadillo,NA,NA,NA,NA,NA,NA,152543907
3663,Synidotea laticauda,NA,NA,NA,NA,NA,NA,152543929
3664,Synoicus chinensis,NA,NA,NA,NA,NA,NA,213212612
3679,Tagetes tenuifolia,NA,NA,NA,NA,NA,NA,152544408
3680,Tamarix africana,NA,NA,NA,NA,NA,NA,213214848
3681,Tamarix canariensis,NA,NA,NA,NA,NA,NA,152546098
3691,Tandonia budapestensis,NA,NA,NA,NA,NA,NA,157092276
3692,Tandonia sowerbyi,NA,NA,NA,NA,NA,NA,152543639
3693,Tapinoma magnum,NA,NA,NA,NA,NA,NA,213213840
3696,Tarenaya houtteana,NA,NA,NA,NA,NA,NA,213214465
3698,Tarsostenus carus,NA,NA,NA,NA,NA,NA,213214327
3699,Tasserkidrilus americanus,NA,NA,NA,NA,NA,NA,152543663
3700,Tauraco leucotis,NA,NA,NA,NA,NA,NA,213212885
3706,Teloxys aristata,NA,NA,NA,NA,NA,NA,213214947
3707,Tephritis carmen,NA,NA,NA,NA,NA,NA,213214411
3708,Terapon jarbua,NA,NA,NA,NA,NA,NA,182133671
3711,Testacella haliotidea,NA,NA,NA,NA,NA,NA,213213493
3712,Testudo,NA,NA,NA,NA,NA,NA,182133871
3716,Tetramoera langmaidi,NA,NA,NA,NA,NA,NA,213213957
3718,Tetraponera allaborans,NA,NA,NA,NA,NA,NA,152544520
3720,Teucrium hyrcanicum,NA,NA,NA,NA,NA,NA,213215477
3721,Teucrium lucidrys,NA,NA,NA,NA,NA,NA,152545736
3722,Teucrium resupinatum,NA,NA,NA,NA,NA,NA,152545735
3725,Thalictrum aquilegiifolium,NA,NA,NA,NA,NA,NA,213214410
3728,Thamnophis,NA,NA,NA,NA,NA,NA,182133776
3729,Thamnophis marcianus,NA,NA,NA,NA,NA,NA,213212453
3730,Thamnophis saurita,NA,NA,NA,NA,NA,NA,213212457
3732,Thanatus vulgaris,NA,NA,NA,NA,NA,NA,152544253
3735,Thecaphora oxalidis,NA,NA,NA,NA,NA,NA,152543115
3738,Thermopsis montana,NA,NA,NA,NA,NA,NA,213213843
3739,Thinopyrum elongatum,NA,NA,NA,NA,NA,NA,152546940
3740,Thinopyrum obtusiflorum,NA,NA,NA,NA,NA,NA,213213042
3748,Thymus pannonicus,NA,NA,NA,NA,NA,NA,213215482
3750,Thysanoplusia orichalcea,NA,NA,NA,NA,NA,NA,213213908
3754,Tinantia pringlei,NA,NA,NA,NA,NA,NA,213212573
3756,Tliltocatl albopilosus,NA,NA,NA,NA,NA,NA,213214692
3760,Torilis leptophylla,NA,NA,NA,NA,NA,NA,152544492
3762,Trachelospermum jasminoides,NA,NA,NA,NA,NA,NA,213215246
3767,Trachemys scripta elegans,NA,NA,NA,NA,NA,NA,152543140
3768,Trachemys scripta scripta,NA,NA,NA,NA,NA,NA,152543141
3769,Trachemys scripta troostii,NA,NA,NA,NA,NA,NA,152543139
3771,Trachylepis striata,NA,NA,NA,NA,NA,NA,182133718
3772,Trachyspermum ammi,NA,NA,NA,NA,NA,NA,159748110
3773,Trachystemon orientale,NA,NA,NA,NA,NA,NA,213214096
3775,Tradescantia pallida,NA,NA,NA,NA,NA,NA,213212576
3778,Tragopogon mirabilis,NA,NA,NA,NA,NA,NA,152543736
3781,Tragus australianus,NA,NA,NA,NA,NA,NA,152546846
3782,Tragus berteronianus,NA,NA,NA,NA,NA,NA,152546848
3783,Tragus koelerioides,NA,NA,NA,NA,NA,NA,152546845
3785,Tranzschelia discolor,NA,NA,NA,NA,NA,NA,152543157
3788,Tremulicerus distinguendus,NA,NA,NA,NA,NA,NA,213214065
3789,Triaeris stenaspis,NA,NA,NA,NA,NA,NA,152544229
3790,Trialeurodes vaporariorum,NA,NA,NA,NA,NA,NA,213214217
3793,Tricellaria ternata,NA,NA,NA,NA,NA,NA,213214879
3795,Trichoglossus moluccanus,NA,NA,NA,NA,NA,NA,213212904
3796,Trichopsocus clarus,NA,NA,NA,NA,NA,NA,152544582
3797,Trichorhina tomentosa,NA,NA,NA,NA,NA,NA,213214480
3805,Trifolium hirtum,NA,NA,NA,NA,NA,NA,152545078
3808,Trifolium hybridum elegans,NA,NA,NA,NA,NA,NA,152545072
3809,Trifolium hybridum hybridum,NA,NA,NA,NA,NA,NA,152545052
3816,Trifolium pannonicum,NA,NA,NA,NA,NA,NA,152545063
3818,Trifolium purpureum,NA,NA,NA,NA,NA,NA,152545081
3820,Trifolium retusum,NA,NA,NA,NA,NA,NA,152545060
3822,Trifolium spumosum,NA,NA,NA,NA,NA,NA,152545070
3824,Trifolium squarrosum,NA,NA,NA,NA,NA,NA,152545061
3825,Trifolium stellatum,NA,NA,NA,NA,NA,NA,152545056
3828,Trifolium sylvaticum,NA,NA,NA,NA,NA,NA,213213812
3829,Trifolium sylvaticum,NA,NA,NA,NA,NA,NA,152545051
3832,Trigonella arabica,NA,NA,NA,NA,NA,NA,152545123
3835,Trigonella calliceras,NA,NA,NA,NA,NA,NA,152545127
3836,Trigonella esculenta,NA,NA,NA,NA,NA,NA,152545120
3839,Trigonella hierosolymitana,NA,NA,NA,NA,NA,NA,152545119
3842,Trigonella spinosa,NA,NA,NA,NA,NA,NA,152545126
3843,Trigonella stellata,NA,NA,NA,NA,NA,NA,152545128
3844,Trimeresurus albolabris,NA,NA,NA,NA,NA,NA,213212556
3845,Trioceros hoehnelii,NA,NA,NA,NA,NA,NA,182133732
3848,Triraphis mollis,NA,NA,NA,NA,NA,NA,152546792
3849,Trisetaria panicea,NA,NA,NA,NA,NA,NA,213212737
3850,Trisetaria panicea,NA,NA,NA,NA,NA,NA,213212736
3854,Triticum aestivum compactum,NA,NA,NA,NA,NA,NA,213212963
3855,Triticum aestivum spelta,NA,NA,NA,NA,NA,NA,152547124
3858,Triticum turgidum dicoccum,NA,NA,NA,NA,NA,NA,213212957
3859,Triticum turgidum durum,NA,NA,NA,NA,NA,NA,213212960
3860,Triticum turgidum polonicum,NA,NA,NA,NA,NA,NA,213212959
3862,Trochoidea elegans,NA,NA,NA,NA,NA,NA,152543656
3863,Trogium pulsatorium,NA,NA,NA,NA,NA,NA,152544616
3872,Tulipa urumiensis,NA,NA,NA,NA,NA,NA,213212408
3874,Tuponia brevirostris,NA,NA,NA,NA,NA,NA,213214109
3875,Tuponia mixticolor,NA,NA,NA,NA,NA,NA,213214111
3876,Turdus dissimilis,NA,NA,NA,NA,NA,NA,159747285
3880,Typha provincialis,NA,NA,NA,NA,NA,NA,152546737
3886,Unaspis euonymi,NA,NA,NA,NA,NA,NA,213214088
3887,Undaria pinnatifida,NA,NA,NA,NA,NA,NA,213212204
3888,Urochloa mutica,NA,NA,NA,NA,NA,NA,213212987
3890,Urochloa plantaginea,NA,NA,NA,NA,NA,NA,213212983
3891,Urochloa platyphylla,NA,NA,NA,NA,NA,NA,213212985
3892,Urochloa ramosa,NA,NA,NA,NA,NA,NA,213212988
3894,Uroctea durandi,NA,NA,NA,NA,NA,NA,152544070
3895,Urocystis trollii,NA,NA,NA,NA,NA,NA,152543121
3896,Uromyces croci,NA,NA,NA,NA,NA,NA,213212261
3897,Uromyces dianthi,NA,NA,NA,NA,NA,NA,213212264
3898,Uromyces hedysari-obscuri,NA,NA,NA,NA,NA,NA,213212268
3899,Uromyces proeminens,NA,NA,NA,NA,NA,NA,213212265
3900,Uromyces veratri,NA,NA,NA,NA,NA,NA,152543162
3901,Urtica incisa,NA,NA,NA,NA,NA,NA,152544768
3907,Vaccinium macrocarpon,NA,NA,NA,NA,NA,NA,213215589
3909,Valeriana phu,NA,NA,NA,NA,NA,NA,152546296
3910,Valeriana pyrenaica,NA,NA,NA,NA,NA,NA,152546297
3914,Valerianella locusta locusta,NA,NA,NA,NA,NA,NA,213215403
3915,Valerianella vesicaria,NA,NA,NA,NA,NA,NA,152546305
3916,Vallisneria americana,NA,NA,NA,NA,NA,NA,152546570
3917,Vallisneria australis,NA,NA,NA,NA,NA,NA,213212649
3922,Varanus niloticus,NA,NA,NA,NA,NA,NA,182133818
3923,Varroa destructor,NA,NA,NA,NA,NA,NA,213214834
3924,Varroa jacobsoni,NA,NA,NA,NA,NA,NA,213214832
3925,Veratrum album,NA,NA,NA,NA,NA,NA,152546606
3926,Verbascum angulosum,NA,NA,NA,NA,NA,NA,213215503
3927,Verbascum banaticum,NA,NA,NA,NA,NA,NA,152545622
3928,Verbascum brockmuelleri,NA,NA,NA,NA,NA,NA,152545621
3930,Verbascum divaricatum,NA,NA,NA,NA,NA,NA,152545620
3933,Verbascum sinuatum,NA,NA,NA,NA,NA,NA,152545624
3937,Verbena aristigera,NA,NA,NA,NA,NA,NA,213215527
3940,Verbena brasiliensis,NA,NA,NA,NA,NA,NA,152545799
3941,Verbena halei,NA,NA,NA,NA,NA,NA,152545798
3943,Verbena hybrida,NA,NA,NA,NA,NA,NA,213215528
3946,Verbena supina,NA,NA,NA,NA,NA,NA,152545795
3952,Veronica campylopoda,NA,NA,NA,NA,NA,NA,152545685
3953,Veronica ceratocarpa,NA,NA,NA,NA,NA,NA,152545678
3956,Veronica glauca,NA,NA,NA,NA,NA,NA,152545677
3960,Veronica pinguifolia,NA,NA,NA,NA,NA,NA,213215536
3963,Veronica teucrium teucrium,NA,NA,NA,NA,NA,NA,213215537
3966,Viburnum davidi,NA,NA,NA,NA,NA,NA,213215379
3969,Viburnum rhytidophylloides,NA,NA,NA,NA,NA,NA,152546272
3972,Vicia assyriaca,NA,NA,NA,NA,NA,NA,152545178
3974,Vicia benghalensis benghalensis,NA,NA,NA,NA,NA,NA,213213764
3979,Vicia eriocarpa,NA,NA,NA,NA,NA,NA,213213747
3984,Vicia hyrcanica,NA,NA,NA,NA,NA,NA,152545184
3985,Vicia lens,NA,NA,NA,NA,NA,NA,213213749
3986,Vicia lentoides,NA,NA,NA,NA,NA,NA,213213754
3990,Vicia narbonensis,NA,NA,NA,NA,NA,NA,213213771
3991,Vicia narbonensis narbonensis,NA,NA,NA,NA,NA,NA,213213758
3992,Vicia noeana,NA,NA,NA,NA,NA,NA,152545176
3993,Vicia pannonica,NA,NA,NA,NA,NA,NA,213213757
3994,Vicia pannonica pannonica,NA,NA,NA,NA,NA,NA,213213776
3997,Vicia sativa sativa,NA,NA,NA,NA,NA,NA,152545163
3998,Vicia serratifolia,NA,NA,NA,NA,NA,NA,213213779
3999,Vicia sicula,NA,NA,NA,NA,NA,NA,152545168
4003,Vicia villosa varia,NA,NA,NA,NA,NA,NA,152545179
4004,Vicia villosa villosa,NA,NA,NA,NA,NA,NA,152545165
4005,Victorella pavida,NA,NA,NA,NA,NA,NA,159748450
4006,Vidua macroura,NA,NA,NA,NA,NA,NA,159747223
4008,Vimba vimba,NA,NA,NA,NA,NA,NA,152543540
4011,Vincetoxicum rossicum,NA,NA,NA,NA,NA,NA,152545244
4013,Viola gracilis,NA,NA,NA,NA,NA,NA,213214794
4016,Viola wittrockiana,NA,NA,NA,NA,NA,NA,152546417
4019,Viridicerus ustulatus,NA,NA,NA,NA,NA,NA,213214053
4022,Vittadinia dentata,NA,NA,NA,NA,NA,NA,213215122
4023,Volvariella volvacea,NA,NA,NA,NA,NA,NA,182132859
4025,Vulpia ciliata ciliata,NA,NA,NA,NA,NA,NA,182133392
4029,Weigela floribunda,NA,NA,NA,NA,NA,NA,213215407
4030,Wisteria sinensis,NA,NA,NA,NA,NA,NA,213213962
4032,Xanthium albinum,NA,NA,NA,NA,NA,NA,213215227
4035,Xanthium orientale saccharatum,NA,NA,NA,NA,NA,NA,213215228
4042,Xerosecta cespitum,NA,NA,NA,NA,NA,NA,152543646
4044,Xylocoris galactinus,NA,NA,NA,NA,NA,NA,213214240
4046,Yoldia limatula,NA,NA,NA,NA,NA,NA,213213655
4050,Zamenis scalaris,NA,NA,NA,NA,NA,NA,213212443
4051,Zamenis situla,NA,NA,NA,NA,NA,NA,213212445
4055,Zebrina detrita,NA,NA,NA,NA,NA,NA,213213509
4058,Zinnia angustifolia angustifolia,NA,NA,NA,NA,NA,NA,152543660
4059,Zinnia elegans,NA,NA,NA,NA,NA,NA,213215124
4060,Zinnia violacea,NA,NA,NA,NA,NA,NA,159748815
4063,Zonitoides arboreus,NA,NA,NA,NA,NA,NA,157092310
4065,Zophobas atratus,NA,NA,NA,NA,NA,NA,213214357
4067,Zosterops palpebrosus,NA,NA,NA,NA,NA,NA,159747239
4068,Zuloagaea bulbosa,NA,NA,NA,NA,NA,NA,213212810
4069,Zygina nivea,NA,NA,NA,NA,NA,NA,213214081
