eventID,locationID,lat_Y,long_X,lifeStage,year,species,gemeente,provincie,gewest,individualCount,n_fuiken
Douve_19_2024-07-11_2024-07-12,Douve_19,50.753667,2.889444,subadult,2024,Xenopus laevis,Komen-Waasten,Henegouwen,wallonia,1,1
Douve_19_2024-08-26_2024-08-29,Douve_19,50.753667,2.889444,adult,2024,Xenopus laevis,Komen-Waasten,Henegouwen,wallonia,1,6
Douve_19_2024-08-26_2024-08-29,Douve_19,50.753667,2.889444,subadult,2024,Xenopus laevis,Komen-Waasten,Henegouwen,wallonia,2,6
Douve_1_2024-05-28_2024-05-29,Douve_1,50.757194,2.922556,subadult,2024,Xenopus laevis,Komen-Waasten,Henegouwen,wallonia,1,1
Douve_4_2024-07-11_2024-07-12,Douve_4,50.757028,2.921944,subadult,2024,Xenopus laevis,Mesen,Henegouwen,flanders,1,1
Douve_6_2024-08-26_2024-08-29,Douve_6,50.756972,2.921111,subadult,2024,Xenopus laevis,Mesen,West-Vlaanderen,flanders,1,6
Douve_9_2024-07-11_2024-07-12,Douve_9,50.755333,2.913194,juvenile,2024,Xenopus laevis,Komen-Waasten,Henegouwen,wallonia,1,2
Fish_passage_2024-04-03_2024-04-05,Fish passage,50.758028,2.855222,adult,2024,Xenopus laevis,Heuvelland,West-Vlaanderen,flanders,18,12
Fish_passage_2024-04-03_2024-04-05,Fish passage,50.758028,2.855222,juvenile,2024,Xenopus laevis,Heuvelland,West-Vlaanderen,flanders,23,12
Fish_passage_2024-04-03_2024-04-05,Fish passage,50.758028,2.855222,subadult,2024,Xenopus laevis,Heuvelland,West-Vlaanderen,flanders,7,12
Fish_passage_2024-05-06_2024-05-07,Fish passage,50.758028,2.855222,adult,2024,Xenopus laevis,Heuvelland,West-Vlaanderen,flanders,1,3
Fish_passage_2024-05-06_2024-05-07,Fish passage,50.758028,2.855222,juvenile,2024,Xenopus laevis,Heuvelland,West-Vlaanderen,flanders,1,3
Fish_passage_2024-05-06_2024-05-07,Fish passage,50.758028,2.855222,subadult,2024,Xenopus laevis,Heuvelland,West-Vlaanderen,flanders,1,3
Fish_passage_2024-05-07_2024-05-08,Fish passage,50.758028,2.855222,adult,2024,Xenopus laevis,Heuvelland,West-Vlaanderen,flanders,2,4
Fish_passage_2024-05-07_2024-05-08,Fish passage,50.758028,2.855222,juvenile,2024,Xenopus laevis,Heuvelland,West-Vlaanderen,flanders,2,4
Fish_passage_2024-05-21_2024-05-22,Fish passage,50.758028,2.855222,adult,2024,Xenopus laevis,Heuvelland,West-Vlaanderen,flanders,15,4
Fish_passage_2024-05-21_2024-05-22,Fish passage,50.758028,2.855222,juvenile,2024,Xenopus laevis,Heuvelland,West-Vlaanderen,flanders,11,4
Fish_passage_2024-05-21_2024-05-22,Fish passage,50.758028,2.855222,subadult,2024,Xenopus laevis,Heuvelland,West-Vlaanderen,flanders,15,4
Fish_passage_2024-05-22_2024-05-23,Fish passage,50.758028,2.855222,adult,2024,Xenopus laevis,Heuvelland,West-Vlaanderen,flanders,3,4
Fish_passage_2024-05-22_2024-05-23,Fish passage,50.758028,2.855222,juvenile,2024,Xenopus laevis,Heuvelland,West-Vlaanderen,flanders,1,4
Fish_passage_2024-05-22_2024-05-23,Fish passage,50.758028,2.855222,subadult,2024,Xenopus laevis,Heuvelland,West-Vlaanderen,flanders,1,4
Fish_passage_2024-07-09_2024-07-10,Fish passage,50.758028,2.855222,adult,2024,Xenopus laevis,Heuvelland,West-Vlaanderen,flanders,16,4
Fish_passage_2024-07-09_2024-07-10,Fish passage,50.758028,2.855222,juvenile,2024,Xenopus laevis,Heuvelland,West-Vlaanderen,flanders,12,4
Fish_passage_2024-07-09_2024-07-10,Fish passage,50.758028,2.855222,subadult,2024,Xenopus laevis,Heuvelland,West-Vlaanderen,flanders,37,4
Fish_passage_2024-07-31_2024-08-01,Fish passage,50.758028,2.855222,adult,2024,Xenopus laevis,Heuvelland,West-Vlaanderen,flanders,18,3
Fish_passage_2024-07-31_2024-08-01,Fish passage,50.758028,2.855222,juvenile,2024,Xenopus laevis,Heuvelland,West-Vlaanderen,flanders,2,3
Fish_passage_2024-07-31_2024-08-01,Fish passage,50.758028,2.855222,subadult,2024,Xenopus laevis,Heuvelland,West-Vlaanderen,flanders,17,3
Fish_passage_2024-08-01_2024-08-02,Fish passage,50.758028,2.855222,adult,2024,Xenopus laevis,Heuvelland,West-Vlaanderen,flanders,9,3
Fish_passage_2024-08-01_2024-08-02,Fish passage,50.758028,2.855222,larvae,2024,Xenopus laevis,Heuvelland,West-Vlaanderen,flanders,2,3
Fish_passage_2024-08-01_2024-08-02,Fish passage,50.758028,2.855222,subadult,2024,Xenopus laevis,Heuvelland,West-Vlaanderen,flanders,12,3
Fish_passage_2024-08-20_2024-08-21,Fish passage,50.758028,2.855222,adult,2024,Xenopus laevis,Heuvelland,West-Vlaanderen,flanders,14,4
Fish_passage_2024-08-20_2024-08-21,Fish passage,50.758028,2.855222,juvenile,2024,Xenopus laevis,Heuvelland,West-Vlaanderen,flanders,1,4
Fish_passage_2024-08-20_2024-08-21,Fish passage,50.758028,2.855222,larvae,2024,Xenopus laevis,Heuvelland,West-Vlaanderen,flanders,3,4
Fish_passage_2024-08-20_2024-08-21,Fish passage,50.758028,2.855222,subadult,2024,Xenopus laevis,Heuvelland,West-Vlaanderen,flanders,25,4
Fish_passage_2024-09-10_2024-09-11,Fish passage,50.758028,2.855222,adult,2024,Xenopus laevis,Heuvelland,West-Vlaanderen,flanders,35,4
Fish_passage_2024-09-10_2024-09-11,Fish passage,50.758028,2.855222,juvenile,2024,Xenopus laevis,Heuvelland,West-Vlaanderen,flanders,4,4
Fish_passage_2024-09-10_2024-09-11,Fish passage,50.758028,2.855222,subadult,2024,Xenopus laevis,Heuvelland,West-Vlaanderen,flanders,13,4
Fish_passage_2024-10-10_2024-10-11,Fish passage,50.758028,2.855222,adult,2024,Xenopus laevis,Heuvelland,West-Vlaanderen,flanders,6,2
Fish_passage_2024-10-10_2024-10-11,Fish passage,50.758028,2.855222,juvenile,2024,Xenopus laevis,Heuvelland,West-Vlaanderen,flanders,8,2
Fish_passage_2024-10-10_2024-10-11,Fish passage,50.758028,2.855222,subadult,2024,Xenopus laevis,Heuvelland,West-Vlaanderen,flanders,1,2
Fish_passage_2024-11-14_2024-11-15,Fish passage,50.758028,2.855222,juvenile,2024,Xenopus laevis,Heuvelland,West-Vlaanderen,flanders,3,4
Stuiversbeek_2025-08-11_2025-08-12,Stuiversbeek,50.764194,2.858778,adult,2025,Xenopus laevis,Heuvelland,West-Vlaanderen,flanders,4,5
Stuiversbeek_2025-08-11_2025-08-12,Stuiversbeek,50.764194,2.858778,eggs,2025,Xenopus laevis,Heuvelland,West-Vlaanderen,flanders,35,5
Stuiversbeek_2025-08-12_2025-08-13,Stuiversbeek,50.764194,2.858778,adult,2025,Xenopus laevis,Heuvelland,West-Vlaanderen,flanders,1,5
p10a_2025-09-01_2025-09-02,p10a,50.760791,2.874245,adult,2025,Xenopus laevis,Mesen,West-Vlaanderen,flanders,2,6
p10a_2025-09-02_2025-09-03,p10a,50.760791,2.874245,adult,2025,Xenopus laevis,Mesen,West-Vlaanderen,flanders,1,6
p12e_2024-04-02_2024-04-04,p12e,50.756722,2.918278,adult,2024,Xenopus laevis,Mesen,West-Vlaanderen,flanders,1,4
p12e_2024-04-02_2024-04-04,p12e,50.756722,2.918278,juvenile,2024,Xenopus laevis,Mesen,West-Vlaanderen,flanders,10,4
p12e_2024-04-02_2024-04-04,p12e,50.756722,2.918278,subadult,2024,Xenopus laevis,Mesen,West-Vlaanderen,flanders,2,4
p12e_2024-05-06_2024-05-07,p12e,50.756722,2.918278,juvenile,2024,Xenopus laevis,Mesen,West-Vlaanderen,flanders,4,1
p12e_2024-05-07_2024-05-08,p12e,50.756722,2.918278,adult,2024,Xenopus laevis,Mesen,West-Vlaanderen,flanders,4,1
p12e_2024-05-07_2024-05-08,p12e,50.756722,2.918278,juvenile,2024,Xenopus laevis,Mesen,West-Vlaanderen,flanders,3,1
p12e_2024-05-07_2024-05-08,p12e,50.756722,2.918278,subadult,2024,Xenopus laevis,Mesen,West-Vlaanderen,flanders,2,1
p12e_2024-05-21_2024-05-22,p12e,50.756722,2.918278,adult,2024,Xenopus laevis,Mesen,West-Vlaanderen,flanders,2,1
p12e_2024-05-21_2024-05-22,p12e,50.756722,2.918278,juvenile,2024,Xenopus laevis,Mesen,West-Vlaanderen,flanders,5,1
p12e_2024-05-21_2024-05-22,p12e,50.756722,2.918278,subadult,2024,Xenopus laevis,Mesen,West-Vlaanderen,flanders,1,1
p12e_2024-05-22_2024-05-23,p12e,50.756722,2.918278,adult,2024,Xenopus laevis,Mesen,West-Vlaanderen,flanders,1,1
p12e_2024-05-22_2024-05-23,p12e,50.756722,2.918278,juvenile,2024,Xenopus laevis,Mesen,West-Vlaanderen,flanders,4,1
p12e_2024-05-22_2024-05-23,p12e,50.756722,2.918278,subadult,2024,Xenopus laevis,Mesen,West-Vlaanderen,flanders,2,1
p12e_2024-05-23_2024-05-24,p12e,50.756722,2.918278,adult,2024,Xenopus laevis,Mesen,West-Vlaanderen,flanders,4,3
p12e_2024-05-23_2024-05-24,p12e,50.756722,2.918278,juvenile,2024,Xenopus laevis,Mesen,West-Vlaanderen,flanders,14,3
p12e_2024-05-23_2024-05-24,p12e,50.756722,2.918278,subadult,2024,Xenopus laevis,Mesen,West-Vlaanderen,flanders,6,3
p12e_2024-06-12_2024-06-13,p12e,50.756722,2.918278,adult,2024,Xenopus laevis,Mesen,West-Vlaanderen,flanders,2,1
p12e_2024-06-12_2024-06-13,p12e,50.756722,2.918278,juvenile,2024,Xenopus laevis,Mesen,West-Vlaanderen,flanders,2,1
p12e_2024-06-12_2024-06-13,p12e,50.756722,2.918278,subadult,2024,Xenopus laevis,Mesen,West-Vlaanderen,flanders,7,1
p12e_2024-06-13_2024-06-14,p12e,50.756722,2.918278,adult,2024,Xenopus laevis,Mesen,West-Vlaanderen,flanders,5,1
p12e_2024-06-13_2024-06-14,p12e,50.756722,2.918278,juvenile,2024,Xenopus laevis,Mesen,West-Vlaanderen,flanders,10,1
p12e_2024-06-13_2024-06-14,p12e,50.756722,2.918278,subadult,2024,Xenopus laevis,Mesen,West-Vlaanderen,flanders,11,1
p12e_2024-07-08_2024-07-09,p12e,50.756722,2.918278,adult,2024,Xenopus laevis,Mesen,West-Vlaanderen,flanders,50,4
p12e_2024-07-08_2024-07-09,p12e,50.756722,2.918278,juvenile,2024,Xenopus laevis,Mesen,West-Vlaanderen,flanders,3,4
p12e_2024-07-08_2024-07-09,p12e,50.756722,2.918278,larvae,2024,Xenopus laevis,Mesen,West-Vlaanderen,flanders,2,4
p12e_2024-07-08_2024-07-09,p12e,50.756722,2.918278,subadult,2024,Xenopus laevis,Mesen,West-Vlaanderen,flanders,35,4
p12e_2024-07-09_2024-07-10,p12e,50.756722,2.918278,adult,2024,Xenopus laevis,Mesen,West-Vlaanderen,flanders,25,4
p12e_2024-07-09_2024-07-10,p12e,50.756722,2.918278,juvenile,2024,Xenopus laevis,Mesen,West-Vlaanderen,flanders,1,4
p12e_2024-07-09_2024-07-10,p12e,50.756722,2.918278,larvae,2024,Xenopus laevis,Mesen,West-Vlaanderen,flanders,1,4
p12e_2024-07-09_2024-07-10,p12e,50.756722,2.918278,subadult,2024,Xenopus laevis,Mesen,West-Vlaanderen,flanders,27,4
p12e_2024-07-31_2024-08-01,p12e,50.756722,2.918278,adult,2024,Xenopus laevis,Mesen,West-Vlaanderen,flanders,36,3
p12e_2024-07-31_2024-08-01,p12e,50.756722,2.918278,juvenile,2024,Xenopus laevis,Mesen,West-Vlaanderen,flanders,3,3
p12e_2024-07-31_2024-08-01,p12e,50.756722,2.918278,larvae,2024,Xenopus laevis,Mesen,West-Vlaanderen,flanders,3,3
p12e_2024-07-31_2024-08-01,p12e,50.756722,2.918278,subadult,2024,Xenopus laevis,Mesen,West-Vlaanderen,flanders,10,3
p12e_2024-08-01_2024-08-02,p12e,50.756722,2.918278,adult,2024,Xenopus laevis,Mesen,West-Vlaanderen,flanders,8,3
p12e_2024-08-01_2024-08-02,p12e,50.756722,2.918278,juvenile,2024,Xenopus laevis,Mesen,West-Vlaanderen,flanders,2,3
p12e_2024-08-01_2024-08-02,p12e,50.756722,2.918278,larvae,2024,Xenopus laevis,Mesen,West-Vlaanderen,flanders,118,3
p12e_2024-08-01_2024-08-02,p12e,50.756722,2.918278,subadult,2024,Xenopus laevis,Mesen,West-Vlaanderen,flanders,3,3
p12e_2024-08-19_2024-08-20,p12e,50.756722,2.918278,adult,2024,Xenopus laevis,Mesen,West-Vlaanderen,flanders,4,4
p12e_2024-08-19_2024-08-20,p12e,50.756722,2.918278,juvenile,2024,Xenopus laevis,Mesen,West-Vlaanderen,flanders,6,4
p12e_2024-08-19_2024-08-20,p12e,50.756722,2.918278,larvae,2024,Xenopus laevis,Mesen,West-Vlaanderen,flanders,10,4
p12e_2024-08-20_2024-08-21,p12e,50.756722,2.918278,adult,2024,Xenopus laevis,Mesen,West-Vlaanderen,flanders,1,4
p12e_2024-08-20_2024-08-21,p12e,50.756722,2.918278,juvenile,2024,Xenopus laevis,Mesen,West-Vlaanderen,flanders,7,4
p12e_2024-08-20_2024-08-21,p12e,50.756722,2.918278,larvae,2024,Xenopus laevis,Mesen,West-Vlaanderen,flanders,9,4
p12e_2024-08-20_2024-08-21,p12e,50.756722,2.918278,subadult,2024,Xenopus laevis,Mesen,West-Vlaanderen,flanders,2,4
p12e_2024-09-10_2024-09-11,p12e,50.756722,2.918278,adult,2024,Xenopus laevis,Mesen,West-Vlaanderen,flanders,8,4
p12e_2024-09-10_2024-09-11,p12e,50.756722,2.918278,juvenile,2024,Xenopus laevis,Mesen,West-Vlaanderen,flanders,18,4
p12e_2024-09-10_2024-09-11,p12e,50.756722,2.918278,larvae,2024,Xenopus laevis,Mesen,West-Vlaanderen,flanders,1,4
p12e_2024-09-10_2024-09-11,p12e,50.756722,2.918278,subadult,2024,Xenopus laevis,Mesen,West-Vlaanderen,flanders,5,4
p12e_2024-10-10_2024-10-11,p12e,50.756722,2.918278,adult,2024,Xenopus laevis,Mesen,West-Vlaanderen,flanders,1,3
p12e_2024-10-10_2024-10-11,p12e,50.756722,2.918278,juvenile,2024,Xenopus laevis,Mesen,West-Vlaanderen,flanders,9,3
p12e_2024-10-10_2024-10-11,p12e,50.756722,2.918278,subadult,2024,Xenopus laevis,Mesen,West-Vlaanderen,flanders,4,3
p12e_2024-10-30_2024-10-31,p12e,50.756722,2.918278,adult,2024,Xenopus laevis,Mesen,West-Vlaanderen,flanders,2,2
p12e_2024-10-30_2024-10-31,p12e,50.756722,2.918278,juvenile,2024,Xenopus laevis,Mesen,West-Vlaanderen,flanders,8,2
p12e_2024-10-30_2024-10-31,p12e,50.756722,2.918278,subadult,2024,Xenopus laevis,Mesen,West-Vlaanderen,flanders,2,2
p12e_2024-11-13_2024-11-14,p12e,50.756722,2.918278,juvenile,2024,Xenopus laevis,Mesen,West-Vlaanderen,flanders,2,4
p12e_2024-11-14_2024-11-15,p12e,50.756722,2.918278,adult,2024,Xenopus laevis,Mesen,West-Vlaanderen,flanders,1,4
p12e_2024-11-14_2024-11-15,p12e,50.756722,2.918278,juvenile,2024,Xenopus laevis,Mesen,West-Vlaanderen,flanders,2,4
p12e_2025-03-04_2025-03-05,p12e,50.756722,2.918278,juvenile,2025,Xenopus laevis,Mesen,West-Vlaanderen,flanders,1,3
p12e_2025-03-04_2025-03-05,p12e,50.756722,2.918278,subadult,2025,Xenopus laevis,Mesen,West-Vlaanderen,flanders,1,3
p12e_2025-03-05_2025-03-06,p12e,50.756722,2.918278,juvenile,2025,Xenopus laevis,Mesen,West-Vlaanderen,flanders,2,3
p12e_2025-03-05_2025-03-06,p12e,50.756722,2.918278,subadult,2025,Xenopus laevis,Mesen,West-Vlaanderen,flanders,2,3
p12e_2025-04-16_2025-04-17,p12e,50.756722,2.918278,adult,2025,Xenopus laevis,Mesen,West-Vlaanderen,flanders,1,4
p12e_2025-04-16_2025-04-17,p12e,50.756722,2.918278,juvenile,2025,Xenopus laevis,Mesen,West-Vlaanderen,flanders,1,4
p12e_2025-04-17_2025-04-18,p12e,50.756722,2.918278,juvenile,2025,Xenopus laevis,Mesen,West-Vlaanderen,flanders,1,4
p12e_2025-04-28_2025-04-29,p12e,50.756722,2.918278,adult,2025,Xenopus laevis,Mesen,West-Vlaanderen,flanders,3,4
p12e_2025-04-28_2025-04-29,p12e,50.756722,2.918278,juvenile,2025,Xenopus laevis,Mesen,West-Vlaanderen,flanders,27,4
p12e_2025-04-28_2025-04-29,p12e,50.756722,2.918278,subadult,2025,Xenopus laevis,Mesen,West-Vlaanderen,flanders,3,4
p12e_2025-04-29_2025-04-30,p12e,50.756722,2.918278,adult,2025,Xenopus laevis,Mesen,West-Vlaanderen,flanders,3,4
p12e_2025-04-29_2025-04-30,p12e,50.756722,2.918278,juvenile,2025,Xenopus laevis,Mesen,West-Vlaanderen,flanders,15,4
p12e_2025-04-29_2025-04-30,p12e,50.756722,2.918278,subadult,2025,Xenopus laevis,Mesen,West-Vlaanderen,flanders,1,4
p12e_2025-05-20_2025-05-21,p12e,50.756722,2.918278,adult,2025,Xenopus laevis,Mesen,West-Vlaanderen,flanders,2,4
p12e_2025-05-20_2025-05-21,p12e,50.756722,2.918278,juvenile,2025,Xenopus laevis,Mesen,West-Vlaanderen,flanders,20,4
p12e_2025-05-20_2025-05-21,p12e,50.756722,2.918278,subadult,2025,Xenopus laevis,Mesen,West-Vlaanderen,flanders,1,4
p12e_2025-05-21_2025-05-22,p12e,50.756722,2.918278,adult,2025,Xenopus laevis,Mesen,West-Vlaanderen,flanders,9,4
p12e_2025-05-21_2025-05-22,p12e,50.756722,2.918278,juvenile,2025,Xenopus laevis,Mesen,West-Vlaanderen,flanders,2,4
p12e_2025-06-10_2025-06-11,p12e,50.756722,2.918278,adult,2025,Xenopus laevis,Mesen,West-Vlaanderen,flanders,7,4
p12e_2025-06-10_2025-06-11,p12e,50.756722,2.918278,eggs,2025,Xenopus laevis,Mesen,West-Vlaanderen,flanders,1,4
p12e_2025-06-10_2025-06-11,p12e,50.756722,2.918278,subadult,2025,Xenopus laevis,Mesen,West-Vlaanderen,flanders,2,4
p12e_2025-06-11_2025-06-12,p12e,50.756722,2.918278,adult,2025,Xenopus laevis,Mesen,West-Vlaanderen,flanders,2,4
p12e_2025-06-11_2025-06-12,p12e,50.756722,2.918278,juvenile,2025,Xenopus laevis,Mesen,West-Vlaanderen,flanders,1,4
p12e_2025-06-11_2025-06-12,p12e,50.756722,2.918278,subadult,2025,Xenopus laevis,Mesen,West-Vlaanderen,flanders,1,4
p12e_2025-07-02_2025-07-03,p12e,50.756722,2.918278,adult,2025,Xenopus laevis,Mesen,West-Vlaanderen,flanders,9,4
p12e_2025-07-02_2025-07-03,p12e,50.756722,2.918278,larvae,2025,Xenopus laevis,Mesen,West-Vlaanderen,flanders,5,4
p12e_2025-07-02_2025-07-03,p12e,50.756722,2.918278,subadult,2025,Xenopus laevis,Mesen,West-Vlaanderen,flanders,4,4
p12e_2025-07-03_2025-07-04,p12e,50.756722,2.918278,larvae,2025,Xenopus laevis,Mesen,West-Vlaanderen,flanders,1,4
p12e_2025-07-22_2025-07-23,p12e,50.756722,2.918278,adult,2025,Xenopus laevis,Mesen,West-Vlaanderen,flanders,6,4
p12e_2025-07-22_2025-07-23,p12e,50.756722,2.918278,larvae,2025,Xenopus laevis,Mesen,West-Vlaanderen,flanders,3,4
p12e_2025-07-23_2025-07-24,p12e,50.756722,2.918278,adult,2025,Xenopus laevis,Mesen,West-Vlaanderen,flanders,1,4
p12e_2025-07-23_2025-07-24,p12e,50.756722,2.918278,eggs,2025,Xenopus laevis,Mesen,West-Vlaanderen,flanders,100,4
p12e_2025-08-11_2025-08-12,p12e,50.756722,2.918278,adult,2025,Xenopus laevis,Mesen,West-Vlaanderen,flanders,2,4
p12e_2025-08-11_2025-08-12,p12e,50.756722,2.918278,juvenile,2025,Xenopus laevis,Mesen,West-Vlaanderen,flanders,1,4
p12e_2025-08-11_2025-08-12,p12e,50.756722,2.918278,larvae,2025,Xenopus laevis,Mesen,West-Vlaanderen,flanders,1,4
p12e_2025-08-12_2025-08-13,p12e,50.756722,2.918278,eggs,2025,Xenopus laevis,Mesen,West-Vlaanderen,flanders,30,4
p12e_2025-08-12_2025-08-13,p12e,50.756722,2.918278,juvenile,2025,Xenopus laevis,Mesen,West-Vlaanderen,flanders,4,4
p12e_2025-08-12_2025-08-13,p12e,50.756722,2.918278,larvae,2025,Xenopus laevis,Mesen,West-Vlaanderen,flanders,1,4
p12e_2025-09-02_2025-09-03,p12e,50.756722,2.918278,adult,2025,Xenopus laevis,Mesen,West-Vlaanderen,flanders,4,3
p12e_2025-09-03_2025-09-04,p12e,50.756722,2.918278,adult,2025,Xenopus laevis,Mesen,West-Vlaanderen,flanders,4,4
p12e_2025-09-03_2025-09-04,p12e,50.756722,2.918278,juvenile,2025,Xenopus laevis,Mesen,West-Vlaanderen,flanders,1,4
p12e_2025-09-22_2025-09-23,p12e,50.756722,2.918278,adult,2025,Xenopus laevis,Mesen,West-Vlaanderen,flanders,1,4
p12e_2025-09-22_2025-09-23,p12e,50.756722,2.918278,juvenile,2025,Xenopus laevis,Mesen,West-Vlaanderen,flanders,16,4
p12e_2025-09-23_2025-09-24,p12e,50.756722,2.918278,adult,2025,Xenopus laevis,Mesen,West-Vlaanderen,flanders,1,4
p12e_2025-09-23_2025-09-24,p12e,50.756722,2.918278,juvenile,2025,Xenopus laevis,Mesen,West-Vlaanderen,flanders,6,4
p12e_2025-10-21_2025-10-22,p12e,50.756722,2.918278,adult,2025,Xenopus laevis,Mesen,West-Vlaanderen,flanders,3,4
p12e_2025-10-21_2025-10-22,p12e,50.756722,2.918278,juvenile,2025,Xenopus laevis,Mesen,West-Vlaanderen,flanders,14,4
p12e_2025-10-22_2025-10-23,p12e,50.756722,2.918278,juvenile,2025,Xenopus laevis,Mesen,West-Vlaanderen,flanders,12,4
p12e_2025-11-17_2025-11-18,p12e,50.756722,2.918278,juvenile,2025,Xenopus laevis,Mesen,West-Vlaanderen,flanders,3,4
p12e_2025-11-18_2025-11-19,p12e,50.756722,2.918278,juvenile,2025,Xenopus laevis,Mesen,West-Vlaanderen,flanders,3,4
p18b_2025-09-15_2025-09-16,p18b,50.767674,2.881748,adult,2025,Xenopus laevis,Heuvelland,West-Vlaanderen,flanders,1,6
p18c_2025-09-29_2025-09-30,p18c,50.769927,2.879769,adult,2025,Xenopus laevis,Heuvelland,West-Vlaanderen,flanders,4,5
p18c_2025-09-29_2025-09-30,p18c,50.769927,2.879769,juvenile,2025,Xenopus laevis,Heuvelland,West-Vlaanderen,flanders,29,5
p18c_2025-09-29_2025-09-30,p18c,50.769927,2.879769,larvae,2025,Xenopus laevis,Heuvelland,West-Vlaanderen,flanders,5,5
p18c_2025-09-30_2025-10-01,p18c,50.769927,2.879769,juvenile,2025,Xenopus laevis,Heuvelland,West-Vlaanderen,flanders,46,5
p18c_2025-09-30_2025-10-01,p18c,50.769927,2.879769,larvae,2025,Xenopus laevis,Heuvelland,West-Vlaanderen,flanders,3,5
p18c_2025-10-01_2025-10-02,p18c,50.769927,2.879769,adult,2025,Xenopus laevis,Heuvelland,West-Vlaanderen,flanders,1,5
p18c_2025-10-01_2025-10-02,p18c,50.769927,2.879769,juvenile,2025,Xenopus laevis,Heuvelland,West-Vlaanderen,flanders,31,5
p18c_2025-10-01_2025-10-02,p18c,50.769927,2.879769,larvae,2025,Xenopus laevis,Heuvelland,West-Vlaanderen,flanders,2,5
p18c_2025-10-02_2025-10-03,p18c,50.769927,2.879769,juvenile,2025,Xenopus laevis,Heuvelland,West-Vlaanderen,flanders,20,5
p18c_2025-10-02_2025-10-03,p18c,50.769927,2.879769,larvae,2025,Xenopus laevis,Heuvelland,West-Vlaanderen,flanders,9,5
p18c_2025-10-06_2025-10-07,p18c,50.769927,2.879769,juvenile,2025,Xenopus laevis,Heuvelland,West-Vlaanderen,flanders,9,5
p18c_2025-10-06_2025-10-07,p18c,50.769927,2.879769,larvae,2025,Xenopus laevis,Heuvelland,West-Vlaanderen,flanders,3,5
p18c_2025-10-07_2025-10-08,p18c,50.769927,2.879769,juvenile,2025,Xenopus laevis,Heuvelland,West-Vlaanderen,flanders,8,4
p18c_2025-10-07_2025-10-08,p18c,50.769927,2.879769,larvae,2025,Xenopus laevis,Heuvelland,West-Vlaanderen,flanders,3,4
p18c_2025-10-08_2025-10-09,p18c,50.769927,2.879769,juvenile,2025,Xenopus laevis,Heuvelland,West-Vlaanderen,flanders,10,5
p18c_2025-10-08_2025-10-09,p18c,50.769927,2.879769,larvae,2025,Xenopus laevis,Heuvelland,West-Vlaanderen,flanders,8,5
p18c_2025-10-09_2025-10-10,p18c,50.769927,2.879769,juvenile,2025,Xenopus laevis,Heuvelland,West-Vlaanderen,flanders,2,5
p18c_2025-10-09_2025-10-10,p18c,50.769927,2.879769,larvae,2025,Xenopus laevis,Heuvelland,West-Vlaanderen,flanders,8,5
p18c_2025-10-21_2025-10-22,p18c,50.769927,2.879769,juvenile,2025,Xenopus laevis,Heuvelland,West-Vlaanderen,flanders,7,5
p18c_2025-10-21_2025-10-22,p18c,50.769927,2.879769,larvae,2025,Xenopus laevis,Heuvelland,West-Vlaanderen,flanders,3,5
p18c_2025-10-22_2025-10-23,p18c,50.769927,2.879769,juvenile,2025,Xenopus laevis,Heuvelland,West-Vlaanderen,flanders,4,5
p18c_2025-10-22_2025-10-23,p18c,50.769927,2.879769,larvae,2025,Xenopus laevis,Heuvelland,West-Vlaanderen,flanders,5,5
p18c_2025-11-17_2025-11-18,p18c,50.769927,2.879769,juvenile,2025,Xenopus laevis,Heuvelland,West-Vlaanderen,flanders,7,5
p18c_2025-11-17_2025-11-18,p18c,50.769927,2.879769,larvae,2025,Xenopus laevis,Heuvelland,West-Vlaanderen,flanders,3,5
p18c_2025-11-18_2025-11-19,p18c,50.769927,2.879769,juvenile,2025,Xenopus laevis,Heuvelland,West-Vlaanderen,flanders,1,5
p18c_2025-11-18_2025-11-19,p18c,50.769927,2.879769,larvae,2025,Xenopus laevis,Heuvelland,West-Vlaanderen,flanders,3,5
p18c_2025-11-19_2025-11-20,p18c,50.769927,2.879769,juvenile,2025,Xenopus laevis,Heuvelland,West-Vlaanderen,flanders,3,5
p18c_2025-11-19_2025-11-20,p18c,50.769927,2.879769,larvae,2025,Xenopus laevis,Heuvelland,West-Vlaanderen,flanders,10,5
p18c_2025-11-20_2025-11-21,p18c,50.769927,2.879769,larvae,2025,Xenopus laevis,Heuvelland,West-Vlaanderen,flanders,11,5
p38b_2024-04-03_2024-04-05,p38b,50.760472,2.810306,adult,2024,Xenopus laevis,Heuvelland,West-Vlaanderen,flanders,1,4
p38b_2024-04-03_2024-04-05,p38b,50.760472,2.810306,juvenile,2024,Xenopus laevis,Heuvelland,West-Vlaanderen,flanders,2,4
p38b_2025-09-08_2025-09-09,p38b,50.760472,2.810306,adult,2025,Xenopus laevis,Heuvelland,West-Vlaanderen,flanders,1,3
p38b_2025-09-08_2025-09-12,p38b,50.760472,2.810306,larvae,2025,Xenopus laevis,Heuvelland,West-Vlaanderen,flanders,1,12
p41a_2024-04-03_2024-04-05,p41a,50.768028,2.770806,juvenile,2024,Xenopus laevis,Heuvelland,West-Vlaanderen,flanders,96,10
p41a_2024-04-03_2024-04-05,p41a,50.768028,2.770806,subadult,2024,Xenopus laevis,Heuvelland,West-Vlaanderen,flanders,1,10
p41a_2024-05-06_2024-05-07,p41a,50.768028,2.770806,juvenile,2024,Xenopus laevis,Heuvelland,West-Vlaanderen,flanders,66,6
p41a_2024-05-06_2024-05-07,p41a,50.768028,2.770806,subadult,2024,Xenopus laevis,Heuvelland,West-Vlaanderen,flanders,9,6
p41a_2024-05-07_2024-05-08,p41a,50.768028,2.770806,adult,2024,Xenopus laevis,Heuvelland,West-Vlaanderen,flanders,1,6
p41a_2024-05-07_2024-05-08,p41a,50.768028,2.770806,juvenile,2024,Xenopus laevis,Heuvelland,West-Vlaanderen,flanders,63,6
p41a_2024-05-07_2024-05-08,p41a,50.768028,2.770806,subadult,2024,Xenopus laevis,Heuvelland,West-Vlaanderen,flanders,7,6
p41a_2024-05-21_2024-05-22,p41a,50.768028,2.770806,juvenile,2024,Xenopus laevis,Heuvelland,West-Vlaanderen,flanders,143,6
p41a_2024-05-21_2024-05-22,p41a,50.768028,2.770806,subadult,2024,Xenopus laevis,Heuvelland,West-Vlaanderen,flanders,13,6
p41a_2024-05-22_2024-05-23,p41a,50.768028,2.770806,adult,2024,Xenopus laevis,Heuvelland,West-Vlaanderen,flanders,1,6
p41a_2024-05-22_2024-05-23,p41a,50.768028,2.770806,juvenile,2024,Xenopus laevis,Heuvelland,West-Vlaanderen,flanders,132,6
p41a_2024-05-22_2024-05-23,p41a,50.768028,2.770806,subadult,2024,Xenopus laevis,Heuvelland,West-Vlaanderen,flanders,7,6
p41a_2024-06-12_2024-06-13,p41a,50.768028,2.770806,adult,2024,Xenopus laevis,Heuvelland,West-Vlaanderen,flanders,3,6
p41a_2024-06-12_2024-06-13,p41a,50.768028,2.770806,juvenile,2024,Xenopus laevis,Heuvelland,West-Vlaanderen,flanders,59,6
p41a_2024-06-12_2024-06-13,p41a,50.768028,2.770806,subadult,2024,Xenopus laevis,Heuvelland,West-Vlaanderen,flanders,38,6
p41a_2024-06-13_2024-06-14,p41a,50.768028,2.770806,adult,2024,Xenopus laevis,Heuvelland,West-Vlaanderen,flanders,1,6
p41a_2024-06-13_2024-06-14,p41a,50.768028,2.770806,juvenile,2024,Xenopus laevis,Heuvelland,West-Vlaanderen,flanders,57,6
p41a_2024-06-13_2024-06-14,p41a,50.768028,2.770806,subadult,2024,Xenopus laevis,Heuvelland,West-Vlaanderen,flanders,27,6
p41a_2024-06-18_2024-06-19,p41a,50.768028,2.770806,juvenile,2024,Xenopus laevis,Heuvelland,West-Vlaanderen,flanders,103,22
p41a_2024-06-18_2024-06-19,p41a,50.768028,2.770806,subadult,2024,Xenopus laevis,Heuvelland,West-Vlaanderen,flanders,58,22
p41a_2024-06-19_2024-06-20,p41a,50.768028,2.770806,juvenile,2024,Xenopus laevis,Heuvelland,West-Vlaanderen,flanders,33,22
p41a_2024-06-19_2024-06-20,p41a,50.768028,2.770806,subadult,2024,Xenopus laevis,Heuvelland,West-Vlaanderen,flanders,13,22
p41a_2024-06-20_2024-06-21,p41a,50.768028,2.770806,juvenile,2024,Xenopus laevis,Heuvelland,West-Vlaanderen,flanders,22,22
p41a_2024-06-20_2024-06-21,p41a,50.768028,2.770806,subadult,2024,Xenopus laevis,Heuvelland,West-Vlaanderen,flanders,18,22
p41a_2024-06-23_2024-06-24,p41a,50.768028,2.770806,juvenile,2024,Xenopus laevis,Heuvelland,West-Vlaanderen,flanders,8,22
p41a_2024-06-23_2024-06-24,p41a,50.768028,2.770806,subadult,2024,Xenopus laevis,Heuvelland,West-Vlaanderen,flanders,4,22
p41a_2024-06-24_2024-06-25,p41a,50.768028,2.770806,juvenile,2024,Xenopus laevis,Heuvelland,West-Vlaanderen,flanders,13,22
p41a_2024-06-24_2024-06-25,p41a,50.768028,2.770806,subadult,2024,Xenopus laevis,Heuvelland,West-Vlaanderen,flanders,3,22
p41a_2024-06-25_2024-06-26,p41a,50.768028,2.770806,subadult,2024,Xenopus laevis,Heuvelland,West-Vlaanderen,flanders,1,22
p41a_2024-06-26_2024-06-27,p41a,50.768028,2.770806,juvenile,2024,Xenopus laevis,Heuvelland,West-Vlaanderen,flanders,3,22
p41a_2024-06-27_2024-06-28,p41a,50.768028,2.770806,juvenile,2024,Xenopus laevis,Heuvelland,West-Vlaanderen,flanders,1,22
p41a_2024-07-31_2024-08-01,p41a,50.768028,2.770806,juvenile,2024,Xenopus laevis,Heuvelland,West-Vlaanderen,flanders,2,4
p41a_2024-07-31_2024-08-01,p41a,50.768028,2.770806,subadult,2024,Xenopus laevis,Heuvelland,West-Vlaanderen,flanders,4,4
p41a_2024-08-01_2024-08-02,p41a,50.768028,2.770806,adult,2024,Xenopus laevis,Heuvelland,West-Vlaanderen,flanders,2,4
p41a_2024-08-01_2024-08-02,p41a,50.768028,2.770806,juvenile,2024,Xenopus laevis,Heuvelland,West-Vlaanderen,flanders,2,4
p41a_2024-08-01_2024-08-02,p41a,50.768028,2.770806,subadult,2024,Xenopus laevis,Heuvelland,West-Vlaanderen,flanders,3,4
p41a_2025-03-27_2025-03-28,p41a,50.768028,2.770806,adult,2025,Xenopus laevis,Heuvelland,West-Vlaanderen,flanders,2,3
p41a_2025-04-16_2025-04-17,p41a,50.768028,2.770806,subadult,2025,Xenopus laevis,Heuvelland,West-Vlaanderen,flanders,1,4
p41a_2025-04-17_2025-04-18,p41a,50.768028,2.770806,subadult,2025,Xenopus laevis,Heuvelland,West-Vlaanderen,flanders,1,4
p41a_2025-04-28_2025-04-29,p41a,50.768028,2.770806,adult,2025,Xenopus laevis,Heuvelland,West-Vlaanderen,flanders,1,4
p42b_2024-08-06_2024-08-07,p42b,50.773444,2.765528,adult,2024,Xenopus laevis,Heuvelland,West-Vlaanderen,flanders,2,4
p44b_2024-07-08_2024-07-09,p44b,50.778056,2.752889,subadult,2024,Xenopus laevis,Heuvelland,West-Vlaanderen,flanders,3,4
p44b_2024-07-09_2024-07-10,p44b,50.778056,2.752889,subadult,2024,Xenopus laevis,Heuvelland,West-Vlaanderen,flanders,1,4
p54_2025-08-25_2025-08-26,p54,50.764718,2.76806,adult,2025,Xenopus laevis,Heuvelland,West-Vlaanderen,flanders,3,4
p54_2025-08-25_2025-08-26,p54,50.764718,2.76806,juvenile,2025,Xenopus laevis,Heuvelland,West-Vlaanderen,flanders,2,4
p54_2025-08-25_2025-08-26,p54,50.764718,2.76806,larvae,2025,Xenopus laevis,Heuvelland,West-Vlaanderen,flanders,1,4
p54_2025-08-26_2025-08-27,p54,50.764718,2.76806,juvenile,2025,Xenopus laevis,Heuvelland,West-Vlaanderen,flanders,2,4
p54_2025-08-26_2025-08-27,p54,50.764718,2.76806,larvae,2025,Xenopus laevis,Heuvelland,West-Vlaanderen,flanders,1,4
p54_2025-08-27_2025-08-28,p54,50.764718,2.76806,juvenile,2025,Xenopus laevis,Heuvelland,West-Vlaanderen,flanders,1,4
p54_2025-08-28_2025-08-29,p54,50.764718,2.76806,juvenile,2025,Xenopus laevis,Heuvelland,West-Vlaanderen,flanders,2,4
p5e_2025-09-22_2025-09-23,p5e,50.75563,2.850164,adult,2025,Xenopus laevis,Heuvelland,West-Vlaanderen,flanders,26,11
p5e_2025-09-22_2025-09-23,p5e,50.75563,2.850164,subadult,2025,Xenopus laevis,Heuvelland,West-Vlaanderen,flanders,143,11
p5e_2025-09-23_2025-09-24,p5e,50.75563,2.850164,adult,2025,Xenopus laevis,Heuvelland,West-Vlaanderen,flanders,1,11
p5e_2025-09-23_2025-09-24,p5e,50.75563,2.850164,subadult,2025,Xenopus laevis,Heuvelland,West-Vlaanderen,flanders,21,11
p5e_2025-09-24_2025-09-25,p5e,50.75563,2.850164,adult,2025,Xenopus laevis,Heuvelland,West-Vlaanderen,flanders,2,11
p5e_2025-09-24_2025-09-25,p5e,50.75563,2.850164,subadult,2025,Xenopus laevis,Heuvelland,West-Vlaanderen,flanders,6,11
p5e_2025-09-25_2025-09-26,p5e,50.75563,2.850164,adult,2025,Xenopus laevis,Heuvelland,West-Vlaanderen,flanders,1,11
p65_2025-09-08_2025-09-09,p65,50.760658,2.769983,adult,2025,Xenopus laevis,Heuvelland,West-Vlaanderen,flanders,2,5
p65_2025-09-08_2025-09-09,p65,50.760658,2.769983,subadult,2025,Xenopus laevis,Heuvelland,West-Vlaanderen,flanders,1,5
p6c_2025-08-25_2025-08-26,p6c,50.759277,2.856115,adult,2025,Xenopus laevis,Heuvelland,West-Vlaanderen,flanders,3,3
p7b_2024-08-06_2024-08-07,p7b,50.758111,2.838278,adult,2024,Xenopus laevis,Heuvelland,West-Vlaanderen,flanders,4,4
p7b_2024-08-06_2024-08-07,p7b,50.758111,2.838278,juvenile,2024,Xenopus laevis,Heuvelland,West-Vlaanderen,flanders,1,4
p7b_2024-08-06_2024-08-07,p7b,50.758111,2.838278,subadult,2024,Xenopus laevis,Heuvelland,West-Vlaanderen,flanders,87,4
p7b_2024-08-07_2024-08-08,p7b,50.758111,2.838278,subadult,2024,Xenopus laevis,Heuvelland,West-Vlaanderen,flanders,6,4
p7b_2024-08-08_2024-08-09,p7b,50.758111,2.838278,larvae,2024,Xenopus laevis,Heuvelland,West-Vlaanderen,flanders,1,4
p7b_2024-08-08_2024-08-09,p7b,50.758111,2.838278,subadult,2024,Xenopus laevis,Heuvelland,West-Vlaanderen,flanders,3,4
p7b_2024-08-12_2024-08-13,p7b,50.758111,2.838278,larvae,2024,Xenopus laevis,Heuvelland,West-Vlaanderen,flanders,1,4
p7b_2024-08-12_2024-08-13,p7b,50.758111,2.838278,subadult,2024,Xenopus laevis,Heuvelland,West-Vlaanderen,flanders,2,4
p7b_2024-08-13_2024-08-14,p7b,50.758111,2.838278,subadult,2024,Xenopus laevis,Heuvelland,West-Vlaanderen,flanders,1,4
p7b_2025-08-25_2025-08-26,p7b,50.758111,2.838278,adult,2025,Xenopus laevis,Heuvelland,West-Vlaanderen,flanders,2,5
p7b_2025-08-25_2025-08-26,p7b,50.758111,2.838278,juvenile,2025,Xenopus laevis,Heuvelland,West-Vlaanderen,flanders,6,5
p7b_2025-08-25_2025-08-26,p7b,50.758111,2.838278,subadult,2025,Xenopus laevis,Heuvelland,West-Vlaanderen,flanders,22,5
p7b_2025-08-26_2025-08-27,p7b,50.758111,2.838278,juvenile,2025,Xenopus laevis,Heuvelland,West-Vlaanderen,flanders,1,5
p7b_2025-08-26_2025-08-27,p7b,50.758111,2.838278,subadult,2025,Xenopus laevis,Heuvelland,West-Vlaanderen,flanders,1,5
p9c_2025-09-15_2025-09-16,p9c,50.755472,2.885806,adult,2025,Xenopus laevis,Mesen,West-Vlaanderen,wallonia,13,5
p9c_2025-09-15_2025-09-16,p9c,50.755472,2.885806,subadult,2025,Xenopus laevis,Mesen,West-Vlaanderen,wallonia,1,5
p9c_2025-09-15_2025-09-17,p9c,50.755472,2.885806,adult,2025,Xenopus laevis,Mesen,West-Vlaanderen,wallonia,4,10
p9c_2025-09-17_2025-09-18,p9c,50.755472,2.885806,adult,2025,Xenopus laevis,Mesen,West-Vlaanderen,wallonia,3,5
p9e_2024-08-06_2024-08-07,p9e,50.754028,2.890472,adult,2024,Xenopus laevis,Mesen,West-Vlaanderen,flanders,24,4
p9e_2024-08-06_2024-08-07,p9e,50.754028,2.890472,subadult,2024,Xenopus laevis,Mesen,West-Vlaanderen,flanders,3,4
p9e_2024-08-07_2024-08-08,p9e,50.754028,2.890472,adult,2024,Xenopus laevis,Mesen,West-Vlaanderen,flanders,11,4
p9e_2024-08-07_2024-08-08,p9e,50.754028,2.890472,subadult,2024,Xenopus laevis,Mesen,West-Vlaanderen,flanders,1,4
p9e_2024-08-08_2024-08-09,p9e,50.754028,2.890472,adult,2024,Xenopus laevis,Mesen,West-Vlaanderen,flanders,2,4
p9e_2024-08-12_2024-08-13,p9e,50.754028,2.890472,adult,2024,Xenopus laevis,Mesen,West-Vlaanderen,flanders,1,4
p9e_2024-08-13_2024-08-14,p9e,50.754028,2.890472,adult,2024,Xenopus laevis,Mesen,West-Vlaanderen,flanders,1,4
p9e_2024-08-13_2024-08-14,p9e,50.754028,2.890472,larvae,2024,Xenopus laevis,Mesen,West-Vlaanderen,flanders,1,4
